_id,orderID,feedback
64324a0e362c27c707fe2e92,64316ada362c27c707fe20da,1
64324a0e362c27c707fe2e82,64316ada362c27c707fe20ca,4
64324a0e362c27c707fe2e85,64316ada362c27c707fe20cd,1
64324a0e362c27c707fe2e80,64316ada362c27c707fe20c8,1
64324a0e362c27c707fe2e8b,64316ada362c27c707fe20d3,4
64324a0e362c27c707fe2e8d,64316ada362c27c707fe20d5,4
64324a0e362c27c707fe2e97,64316ada362c27c707fe20df,3
64324a0e362c27c707fe2ec1,64316ada362c27c707fe2109,1
64324a0e362c27c707fe2ecd,64316ada362c27c707fe2115,4
64324a0e362c27c707fe2ece,64316ada362c27c707fe2116,3
64324a0e362c27c707fe2ed1,64316ada362c27c707fe2119,4
64324a0e362c27c707fe2ed5,64316ada362c27c707fe211d,4
64324a0e362c27c707fe2eda,64316ada362c27c707fe2122,1
64324a0e362c27c707fe2edb,64316ada362c27c707fe2123,1
64324a0e362c27c707fe2ee3,64316ada362c27c707fe212b,1
64324a0e362c27c707fe2ee7,64316ada362c27c707fe212f,4
64324a0e362c27c707fe2ef3,64316ada362c27c707fe213b,3
64324a0e362c27c707fe2f0f,64316ada362c27c707fe2157,2
64324a0e362c27c707fe2f13,64316ada362c27c707fe215b,4
64324a0e362c27c707fe2f20,64316ada362c27c707fe2168,2
64324a0e362c27c707fe2f25,64316ada362c27c707fe216d,1
64324a0e362c27c707fe2f39,64316ada362c27c707fe2181,1
64324a0e362c27c707fe2f41,64316ada362c27c707fe2189,4
64324a0e362c27c707fe2f42,64316ada362c27c707fe218a,5
64324a0e362c27c707fe2f50,64316ada362c27c707fe2198,2
64324a0e362c27c707fe2f57,64316ada362c27c707fe219f,4
64324a0e362c27c707fe2f72,64316ada362c27c707fe21ba,3
64324a0e362c27c707fe2f79,64316ada362c27c707fe21c1,2
64324a0e362c27c707fe2f7a,64316ada362c27c707fe21c2,5
64324a0e362c27c707fe2f80,64316ada362c27c707fe21c8,3
64324a0e362c27c707fe2f99,64316ada362c27c707fe21e1,1
64324a0e362c27c707fe2f9c,64316ada362c27c707fe21e4,1
64324a0e362c27c707fe2fad,64316ada362c27c707fe21f5,2
64324a0e362c27c707fe2fc6,64316ada362c27c707fe220e,3
64324a0e362c27c707fe2fcd,64316ada362c27c707fe2215,5
64324a0e362c27c707fe2fd9,64316ada362c27c707fe2221,3
64324a0e362c27c707fe2fed,64316ada362c27c707fe2235,5
64324a0e362c27c707fe2ff0,64316ada362c27c707fe2238,3
64324a0e362c27c707fe2ff6,64316ada362c27c707fe223e,3
64324a0e362c27c707fe3010,64316ada362c27c707fe2258,2
64324a0e362c27c707fe3014,64316ada362c27c707fe225c,2
64324a0e362c27c707fe301b,64316ada362c27c707fe2263,3
64324a0e362c27c707fe301e,64316ada362c27c707fe2266,1
64324a0e362c27c707fe3032,64316ada362c27c707fe227a,5
64324a0e362c27c707fe3039,64316ada362c27c707fe2281,4
64324a0e362c27c707fe303b,64316ada362c27c707fe2283,2
64324a0e362c27c707fe3041,64316ada362c27c707fe2289,4
64324a0e362c27c707fe3045,64316ada362c27c707fe228d,2
64324a0e362c27c707fe3048,64316ada362c27c707fe2290,2
64324a0e362c27c707fe304b,64316ada362c27c707fe2293,4
64324a0e362c27c707fe304e,64316ada362c27c707fe2296,4
64324a0e362c27c707fe304f,64316ada362c27c707fe2297,2
64324a0e362c27c707fe306c,64316ada362c27c707fe22b4,2
64324a0e362c27c707fe306e,64316ada362c27c707fe22b6,1
64324a0e362c27c707fe307b,64316ada362c27c707fe22c3,1
64324a0e362c27c707fe3092,64316ada362c27c707fe22da,5
64324a0e362c27c707fe3096,64316ada362c27c707fe22de,4
64324a0e362c27c707fe30a1,64316ada362c27c707fe22e9,3
64324a0e362c27c707fe30b6,64316ada362c27c707fe22fe,1
64324a0e362c27c707fe30b7,64316ada362c27c707fe22ff,3
64324a0e362c27c707fe30c7,64316ada362c27c707fe230f,2
64324a0e362c27c707fe30cd,64316ada362c27c707fe2315,5
64324a0e362c27c707fe30da,64316ada362c27c707fe2322,4
64324a0e362c27c707fe30dc,64316ada362c27c707fe2324,5
64324a0e362c27c707fe30de,64316ada362c27c707fe2326,2
64324a0e362c27c707fe30e0,64316ada362c27c707fe2328,2
64324a0e362c27c707fe30e1,64316ada362c27c707fe2329,1
64324a0e362c27c707fe30f1,64316ada362c27c707fe2339,4
64324a0e362c27c707fe2e95,64316ada362c27c707fe20dd,1
64324a0e362c27c707fe2e96,64316ada362c27c707fe20de,1
64324a0e362c27c707fe2ea0,64316ada362c27c707fe20e8,4
64324a0e362c27c707fe2eaa,64316ada362c27c707fe20f2,3
64324a0e362c27c707fe2eb7,64316ada362c27c707fe20ff,1
64324a0e362c27c707fe2ebf,64316ada362c27c707fe2107,1
64324a0e362c27c707fe2ec5,64316ada362c27c707fe210d,5
64324a0e362c27c707fe2ec7,64316ada362c27c707fe210f,2
64324a0e362c27c707fe2ed2,64316ada362c27c707fe211a,2
64324a0e362c27c707fe2ed4,64316ada362c27c707fe211c,5
64324a0e362c27c707fe2ee5,64316ada362c27c707fe212d,2
64324a0e362c27c707fe2eed,64316ada362c27c707fe2135,1
64324a0e362c27c707fe2ef4,64316ada362c27c707fe213c,4
64324a0e362c27c707fe2ef9,64316ada362c27c707fe2141,3
64324a0e362c27c707fe2f00,64316ada362c27c707fe2148,5
64324a0e362c27c707fe2f04,64316ada362c27c707fe214c,5
64324a0e362c27c707fe2f0b,64316ada362c27c707fe2153,4
64324a0e362c27c707fe2f0d,64316ada362c27c707fe2155,3
64324a0e362c27c707fe2f0e,64316ada362c27c707fe2156,2
64324a0e362c27c707fe2f17,64316ada362c27c707fe215f,1
64324a0e362c27c707fe2f1c,64316ada362c27c707fe2164,5
64324a0e362c27c707fe2f23,64316ada362c27c707fe216b,5
64324a0e362c27c707fe2f24,64316ada362c27c707fe216c,1
64324a0e362c27c707fe2f2c,64316ada362c27c707fe2174,5
64324a0e362c27c707fe2f32,64316ada362c27c707fe217a,3
64324a0e362c27c707fe2f33,64316ada362c27c707fe217b,5
64324a0e362c27c707fe2f45,64316ada362c27c707fe218d,5
64324a0e362c27c707fe2f46,64316ada362c27c707fe218e,5
64324a0e362c27c707fe2f52,64316ada362c27c707fe219a,3
64324a0e362c27c707fe2f5e,64316ada362c27c707fe21a6,4
64324a0e362c27c707fe2f65,64316ada362c27c707fe21ad,5
64324a0e362c27c707fe2f68,64316ada362c27c707fe21b0,4
64324a0e362c27c707fe2f69,64316ada362c27c707fe21b1,2
64324a0e362c27c707fe2f77,64316ada362c27c707fe21bf,2
64324a0e362c27c707fe2f84,64316ada362c27c707fe21cc,1
64324a0e362c27c707fe2f8e,64316ada362c27c707fe21d6,3
64324a0e362c27c707fe2f96,64316ada362c27c707fe21de,2
64324a0e362c27c707fe2f98,64316ada362c27c707fe21e0,5
64324a0e362c27c707fe2f9b,64316ada362c27c707fe21e3,4
64324a0e362c27c707fe2fa2,64316ada362c27c707fe21ea,2
64324a0e362c27c707fe2fa6,64316ada362c27c707fe21ee,4
64324a0e362c27c707fe2fb5,64316ada362c27c707fe21fd,3
64324a0e362c27c707fe2fb8,64316ada362c27c707fe2200,2
64324a0e362c27c707fe2fbe,64316ada362c27c707fe2206,3
64324a0e362c27c707fe2fc0,64316ada362c27c707fe2208,3
64324a0e362c27c707fe2fc3,64316ada362c27c707fe220b,2
64324a0e362c27c707fe2fc4,64316ada362c27c707fe220c,5
64324a0e362c27c707fe2fc5,64316ada362c27c707fe220d,5
64324a0e362c27c707fe2fc8,64316ada362c27c707fe2210,4
64324a0e362c27c707fe2fcc,64316ada362c27c707fe2214,3
64324a0e362c27c707fe2fd0,64316ada362c27c707fe2218,4
64324a0e362c27c707fe2fd7,64316ada362c27c707fe221f,2
64324a0e362c27c707fe2fda,64316ada362c27c707fe2222,3
64324a0e362c27c707fe2fde,64316ada362c27c707fe2226,1
64324a0e362c27c707fe2fe1,64316ada362c27c707fe2229,3
64324a0e362c27c707fe2fe7,64316ada362c27c707fe222f,1
64324a0e362c27c707fe2fec,64316ada362c27c707fe2234,2
64324a0e362c27c707fe2fef,64316ada362c27c707fe2237,4
64324a0e362c27c707fe2ff7,64316ada362c27c707fe223f,2
64324a0e362c27c707fe2ffb,64316ada362c27c707fe2243,1
64324a0e362c27c707fe2ffe,64316ada362c27c707fe2246,4
64324a0e362c27c707fe3000,64316ada362c27c707fe2248,5
64324a0e362c27c707fe3002,64316ada362c27c707fe224a,4
64324a0e362c27c707fe3008,64316ada362c27c707fe2250,3
64324a0e362c27c707fe2e7e,64316ada362c27c707fe20c6,5
64324a0e362c27c707fe2e8e,64316ada362c27c707fe20d6,5
64324a0e362c27c707fe2e9f,64316ada362c27c707fe20e7,4
64324a0e362c27c707fe2eac,64316ada362c27c707fe20f4,1
64324a0e362c27c707fe2eb6,64316ada362c27c707fe20fe,4
64324a0e362c27c707fe2ed0,64316ada362c27c707fe2118,4
64324a0e362c27c707fe2ed6,64316ada362c27c707fe211e,1
64324a0e362c27c707fe2edf,64316ada362c27c707fe2127,5
64324a0e362c27c707fe2ee2,64316ada362c27c707fe212a,1
64324a0e362c27c707fe2ee8,64316ada362c27c707fe2130,2
64324a0e362c27c707fe2eee,64316ada362c27c707fe2136,2
64324a0e362c27c707fe2efe,64316ada362c27c707fe2146,5
64324a0e362c27c707fe2f02,64316ada362c27c707fe214a,3
64324a0e362c27c707fe2f03,64316ada362c27c707fe214b,4
64324a0e362c27c707fe2f07,64316ada362c27c707fe214f,3
64324a0e362c27c707fe2f14,64316ada362c27c707fe215c,1
64324a0e362c27c707fe2f15,64316ada362c27c707fe215d,2
64324a0e362c27c707fe2f28,64316ada362c27c707fe2170,3
64324a0e362c27c707fe2f2b,64316ada362c27c707fe2173,4
64324a0e362c27c707fe2f35,64316ada362c27c707fe217d,1
64324a0e362c27c707fe2f3a,64316ada362c27c707fe2182,4
64324a0e362c27c707fe2f40,64316ada362c27c707fe2188,3
64324a0e362c27c707fe2f49,64316ada362c27c707fe2191,1
64324a0e362c27c707fe2f4a,64316ada362c27c707fe2192,1
64324a0e362c27c707fe2f4f,64316ada362c27c707fe2197,4
64324a0e362c27c707fe2f59,64316ada362c27c707fe21a1,2
64324a0e362c27c707fe2f60,64316ada362c27c707fe21a8,1
64324a0e362c27c707fe2f63,64316ada362c27c707fe21ab,5
64324a0e362c27c707fe2f66,64316ada362c27c707fe21ae,4
64324a0e362c27c707fe2f70,64316ada362c27c707fe21b8,4
64324a0e362c27c707fe2f75,64316ada362c27c707fe21bd,1
64324a0e362c27c707fe2f76,64316ada362c27c707fe21be,1
64324a0e362c27c707fe2f78,64316ada362c27c707fe21c0,1
64324a0e362c27c707fe2f8b,64316ada362c27c707fe21d3,5
64324a0e362c27c707fe2f92,64316ada362c27c707fe21da,4
64324a0e362c27c707fe2f97,64316ada362c27c707fe21df,2
64324a0e362c27c707fe2fa9,64316ada362c27c707fe21f1,4
64324a0e362c27c707fe2fb3,64316ada362c27c707fe21fb,5
64324a0e362c27c707fe2fb4,64316ada362c27c707fe21fc,2
64324a0e362c27c707fe2fb7,64316ada362c27c707fe21ff,2
64324a0e362c27c707fe2fc2,64316ada362c27c707fe220a,4
64324a0e362c27c707fe2fd3,64316ada362c27c707fe221b,3
64324a0e362c27c707fe2fd4,64316ada362c27c707fe221c,2
64324a0e362c27c707fe2fdc,64316ada362c27c707fe2224,2
64324a0e362c27c707fe2fe4,64316ada362c27c707fe222c,4
64324a0e362c27c707fe2fe8,64316ada362c27c707fe2230,4
64324a0e362c27c707fe2fea,64316ada362c27c707fe2232,5
64324a0e362c27c707fe2ff5,64316ada362c27c707fe223d,1
64324a0e362c27c707fe3007,64316ada362c27c707fe224f,2
64324a0e362c27c707fe300e,64316ada362c27c707fe2256,4
64324a0e362c27c707fe3018,64316ada362c27c707fe2260,2
64324a0e362c27c707fe301f,64316ada362c27c707fe2267,5
64324a0e362c27c707fe3021,64316ada362c27c707fe2269,2
64324a0e362c27c707fe3024,64316ada362c27c707fe226c,1
64324a0e362c27c707fe3028,64316ada362c27c707fe2270,1
64324a0e362c27c707fe3030,64316ada362c27c707fe2278,4
64324a0e362c27c707fe3059,64316ada362c27c707fe22a1,1
64324a0e362c27c707fe3062,64316ada362c27c707fe22aa,5
64324a0e362c27c707fe306a,64316ada362c27c707fe22b2,1
64324a0e362c27c707fe3080,64316ada362c27c707fe22c8,1
64324a0e362c27c707fe308a,64316ada362c27c707fe22d2,4
64324a0e362c27c707fe308b,64316ada362c27c707fe22d3,5
64324a0e362c27c707fe3091,64316ada362c27c707fe22d9,5
64324a0e362c27c707fe309b,64316ada362c27c707fe22e3,3
64324a0e362c27c707fe309d,64316ada362c27c707fe22e5,1
64324a0e362c27c707fe2e7f,64316ada362c27c707fe20c7,2
64324a0e362c27c707fe2e81,64316ada362c27c707fe20c9,1
64324a0e362c27c707fe2e83,64316ada362c27c707fe20cb,2
64324a0e362c27c707fe2e9d,64316ada362c27c707fe20e5,4
64324a0e362c27c707fe2e9e,64316ada362c27c707fe20e6,3
64324a0e362c27c707fe2ea2,64316ada362c27c707fe20ea,3
64324a0e362c27c707fe2eb2,64316ada362c27c707fe20fa,4
64324a0e362c27c707fe2ec2,64316ada362c27c707fe210a,1
64324a0e362c27c707fe2ec8,64316ada362c27c707fe2110,5
64324a0e362c27c707fe2ee0,64316ada362c27c707fe2128,2
64324a0e362c27c707fe2ef1,64316ada362c27c707fe2139,1
64324a0e362c27c707fe2ef2,64316ada362c27c707fe213a,1
64324a0e362c27c707fe2efb,64316ada362c27c707fe2143,2
64324a0e362c27c707fe2f05,64316ada362c27c707fe214d,5
64324a0e362c27c707fe2f1d,64316ada362c27c707fe2165,1
64324a0e362c27c707fe2f1e,64316ada362c27c707fe2166,4
64324a0e362c27c707fe2f3b,64316ada362c27c707fe2183,2
64324a0e362c27c707fe2f3d,64316ada362c27c707fe2185,3
64324a0e362c27c707fe2f3f,64316ada362c27c707fe2187,2
64324a0e362c27c707fe2f44,64316ada362c27c707fe218c,5
64324a0e362c27c707fe2f54,64316ada362c27c707fe219c,3
64324a0e362c27c707fe2f61,64316ada362c27c707fe21a9,1
64324a0e362c27c707fe2f67,64316ada362c27c707fe21af,1
64324a0e362c27c707fe2f6d,64316ada362c27c707fe21b5,2
64324a0e362c27c707fe2f6f,64316ada362c27c707fe21b7,2
64324a0e362c27c707fe2f7b,64316ada362c27c707fe21c3,4
64324a0e362c27c707fe2f7c,64316ada362c27c707fe21c4,2
64324a0e362c27c707fe2f7e,64316ada362c27c707fe21c6,3
64324a0e362c27c707fe2f8d,64316ada362c27c707fe21d5,1
64324a0e362c27c707fe2f8f,64316ada362c27c707fe21d7,3
64324a0e362c27c707fe2f94,64316ada362c27c707fe21dc,2
64324a0e362c27c707fe2fa1,64316ada362c27c707fe21e9,4
64324a0e362c27c707fe2fa5,64316ada362c27c707fe21ed,1
64324a0e362c27c707fe2fb2,64316ada362c27c707fe21fa,3
64324a0e362c27c707fe2fb9,64316ada362c27c707fe2201,3
64324a0e362c27c707fe2fba,64316ada362c27c707fe2202,1
64324a0e362c27c707fe2fbd,64316ada362c27c707fe2205,5
64324a0e362c27c707fe2fce,64316ada362c27c707fe2216,2
64324a0e362c27c707fe2fd2,64316ada362c27c707fe221a,5
64324a0e362c27c707fe2fd6,64316ada362c27c707fe221e,5
64324a0e362c27c707fe2fe6,64316ada362c27c707fe222e,1
64324a0e362c27c707fe2feb,64316ada362c27c707fe2233,2
64324a0e362c27c707fe2ff1,64316ada362c27c707fe2239,2
64324a0e362c27c707fe2ffa,64316ada362c27c707fe2242,4
64324a0e362c27c707fe3004,64316ada362c27c707fe224c,5
64324a0e362c27c707fe3009,64316ada362c27c707fe2251,2
64324a0e362c27c707fe3011,64316ada362c27c707fe2259,2
64324a0e362c27c707fe3013,64316ada362c27c707fe225b,1
64324a0e362c27c707fe3025,64316ada362c27c707fe226d,4
64324a0e362c27c707fe3026,64316ada362c27c707fe226e,2
64324a0e362c27c707fe302d,64316ada362c27c707fe2275,4
64324a0e362c27c707fe3031,64316ada362c27c707fe2279,2
64324a0e362c27c707fe3035,64316ada362c27c707fe227d,3
64324a0e362c27c707fe3037,64316ada362c27c707fe227f,3
64324a0e362c27c707fe303d,64316ada362c27c707fe2285,1
64324a0e362c27c707fe304a,64316ada362c27c707fe2292,1
64324a0e362c27c707fe3073,64316ada362c27c707fe22bb,2
64324a0e362c27c707fe3078,64316ada362c27c707fe22c0,2
64324a0e362c27c707fe307f,64316ada362c27c707fe22c7,3
64324a0e362c27c707fe3084,64316ada362c27c707fe22cc,1
64324a0e362c27c707fe3090,64316ada362c27c707fe22d8,2
64324a0e362c27c707fe3093,64316ada362c27c707fe22db,3
64324a0e362c27c707fe3097,64316ada362c27c707fe22df,3
64324a0e362c27c707fe30a3,64316ada362c27c707fe22eb,3
64324a0e362c27c707fe30f7,64316ada362c27c707fe233f,4
64324a0e362c27c707fe3109,64316ada362c27c707fe2351,2
64324a0e362c27c707fe310b,64316ada362c27c707fe2353,2
64324a0e362c27c707fe3115,64316ada362c27c707fe235d,2
64324a0e362c27c707fe3116,64316ada362c27c707fe235e,1
64324a0e362c27c707fe3117,64316ada362c27c707fe235f,2
64324a0e362c27c707fe3118,64316ada362c27c707fe2360,3
64324a0e362c27c707fe3122,64316ada362c27c707fe236a,4
64324a0e362c27c707fe3126,64316ada362c27c707fe236e,3
64324a0e362c27c707fe312b,64316ada362c27c707fe2373,4
64324a0e362c27c707fe300a,64316ada362c27c707fe2252,1
64324a0e362c27c707fe3015,64316ada362c27c707fe225d,4
64324a0e362c27c707fe3023,64316ada362c27c707fe226b,4
64324a0e362c27c707fe302f,64316ada362c27c707fe2277,1
64324a0e362c27c707fe3034,64316ada362c27c707fe227c,2
64324a0e362c27c707fe3050,64316ada362c27c707fe2298,4
64324a0e362c27c707fe3055,64316ada362c27c707fe229d,3
64324a0e362c27c707fe305b,64316ada362c27c707fe22a3,2
64324a0e362c27c707fe305d,64316ada362c27c707fe22a5,3
64324a0e362c27c707fe3064,64316ada362c27c707fe22ac,1
64324a0e362c27c707fe3068,64316ada362c27c707fe22b0,2
64324a0e362c27c707fe3072,64316ada362c27c707fe22ba,5
64324a0e362c27c707fe3076,64316ada362c27c707fe22be,2
64324a0e362c27c707fe3085,64316ada362c27c707fe22cd,5
64324a0e362c27c707fe309a,64316ada362c27c707fe22e2,5
64324a0e362c27c707fe30a7,64316ada362c27c707fe22ef,3
64324a0e362c27c707fe30ae,64316ada362c27c707fe22f6,3
64324a0e362c27c707fe30b0,64316ada362c27c707fe22f8,5
64324a0e362c27c707fe30ca,64316ada362c27c707fe2312,2
64324a0e362c27c707fe30ce,64316ada362c27c707fe2316,3
64324a0e362c27c707fe30d2,64316ada362c27c707fe231a,1
64324a0e362c27c707fe30d3,64316ada362c27c707fe231b,5
64324a0e362c27c707fe30d7,64316ada362c27c707fe231f,3
64324a0e362c27c707fe30df,64316ada362c27c707fe2327,5
64324a0e362c27c707fe30ea,64316ada362c27c707fe2332,5
64324a0e362c27c707fe30eb,64316ada362c27c707fe2333,3
64324a0e362c27c707fe30ef,64316ada362c27c707fe2337,2
64324a0e362c27c707fe30f4,64316ada362c27c707fe233c,5
64324a0e362c27c707fe3102,64316ada362c27c707fe234a,2
64324a0e362c27c707fe3107,64316ada362c27c707fe234f,5
64324a0e362c27c707fe3110,64316ada362c27c707fe2358,3
64324a0e362c27c707fe3119,64316ada362c27c707fe2361,1
64324a0e362c27c707fe311e,64316ada362c27c707fe2366,5
64324a0e362c27c707fe312a,64316ada362c27c707fe2372,2
64324a0e362c27c707fe3136,64316ada362c27c707fe237e,2
64324a0e362c27c707fe2e86,64316ada362c27c707fe20ce,2
64324a0e362c27c707fe30a2,64316ada362c27c707fe22ea,5
64324a0e362c27c707fe30a9,64316ada362c27c707fe22f1,1
64324a0e362c27c707fe30ac,64316ada362c27c707fe22f4,4
64324a0e362c27c707fe30af,64316ada362c27c707fe22f7,4
64324a0e362c27c707fe30b1,64316ada362c27c707fe22f9,3
64324a0e362c27c707fe30bc,64316ada362c27c707fe2304,1
64324a0e362c27c707fe30c2,64316ada362c27c707fe230a,2
64324a0e362c27c707fe30c5,64316ada362c27c707fe230d,2
64324a0e362c27c707fe30d8,64316ada362c27c707fe2320,2
64324a0e362c27c707fe30e7,64316ada362c27c707fe232f,1
64324a0e362c27c707fe30ee,64316ada362c27c707fe2336,4
64324a0e362c27c707fe30f0,64316ada362c27c707fe2338,3
64324a0e362c27c707fe30f8,64316ada362c27c707fe2340,2
64324a0e362c27c707fe3105,64316ada362c27c707fe234d,1
64324a0e362c27c707fe3112,64316ada362c27c707fe235a,5
64324a0e362c27c707fe3113,64316ada362c27c707fe235b,5
64324a0e362c27c707fe311c,64316ada362c27c707fe2364,2
64324a0e362c27c707fe311f,64316ada362c27c707fe2367,2
64324a0e362c27c707fe3130,64316ada362c27c707fe2378,4
64324a0e362c27c707fe3132,64316ada362c27c707fe237a,1
64324a0e362c27c707fe3133,64316ada362c27c707fe237b,4
64324a0e362c27c707fe30ab,64316ada362c27c707fe22f3,1
64324a0e362c27c707fe30b8,64316ada362c27c707fe2300,3
64324a0e362c27c707fe30bd,64316ada362c27c707fe2305,4
64324a0e362c27c707fe30c1,64316ada362c27c707fe2309,4
64324a0e362c27c707fe30c3,64316ada362c27c707fe230b,3
64324a0e362c27c707fe30c6,64316ada362c27c707fe230e,5
64324a0e362c27c707fe30c8,64316ada362c27c707fe2310,2
64324a0e362c27c707fe30e2,64316ada362c27c707fe232a,4
64324a0e362c27c707fe30e5,64316ada362c27c707fe232d,4
64324a0e362c27c707fe30e8,64316ada362c27c707fe2330,1
64324a0e362c27c707fe30f9,64316ada362c27c707fe2341,2
64324a0e362c27c707fe30fb,64316ada362c27c707fe2343,3
64324a0e362c27c707fe30fc,64316ada362c27c707fe2344,4
64324a0e362c27c707fe3108,64316ada362c27c707fe2350,5
64324a0e362c27c707fe310c,64316ada362c27c707fe2354,2
64324a0e362c27c707fe310e,64316ada362c27c707fe2356,5
64324a0e362c27c707fe3111,64316ada362c27c707fe2359,3
64324a0e362c27c707fe3114,64316ada362c27c707fe235c,3
64324a0e362c27c707fe3127,64316ada362c27c707fe236f,3
64324a0e362c27c707fe3128,64316ada362c27c707fe2370,3
64324a0e362c27c707fe3135,64316ada362c27c707fe237d,3
64324a0e362c27c707fe3138,64316ada362c27c707fe2380,2
64324a0e362c27c707fe3139,64316ada362c27c707fe2381,3
64324a0e362c27c707fe2e87,64316ada362c27c707fe20cf,1
64324a0e362c27c707fe2e88,64316ada362c27c707fe20d0,4
64324a0e362c27c707fe2ea1,64316ada362c27c707fe20e9,2
64324a0e362c27c707fe2ea9,64316ada362c27c707fe20f1,1
64324a0e362c27c707fe2eab,64316ada362c27c707fe20f3,3
64324a0e362c27c707fe2eb4,64316ada362c27c707fe20fc,4
64324a0e362c27c707fe2eb8,64316ada362c27c707fe2100,1
64324a0e362c27c707fe2eb9,64316ada362c27c707fe2101,1
64324a0e362c27c707fe2ebb,64316ada362c27c707fe2103,3
64324a0e362c27c707fe2ec0,64316ada362c27c707fe2108,1
64324a0e362c27c707fe2ec4,64316ada362c27c707fe210c,1
64324a0e362c27c707fe2ec6,64316ada362c27c707fe210e,3
64324a0e362c27c707fe2eca,64316ada362c27c707fe2112,4
64324a0e362c27c707fe2ecb,64316ada362c27c707fe2113,4
64324a0e362c27c707fe2eea,64316ada362c27c707fe2132,2
64324a0e362c27c707fe2eec,64316ada362c27c707fe2134,3
64324a0e362c27c707fe2eef,64316ada362c27c707fe2137,5
64324a0e362c27c707fe2ef0,64316ada362c27c707fe2138,5
64324a0e362c27c707fe2efa,64316ada362c27c707fe2142,3
64324a0e362c27c707fe2f01,64316ada362c27c707fe2149,1
64324a0e362c27c707fe2f06,64316ada362c27c707fe214e,5
64324a0e362c27c707fe2f0a,64316ada362c27c707fe2152,1
64324a0e362c27c707fe2f1f,64316ada362c27c707fe2167,4
64324a0e362c27c707fe2f22,64316ada362c27c707fe216a,1
64324a0e362c27c707fe2f27,64316ada362c27c707fe216f,1
64324a0e362c27c707fe2f2d,64316ada362c27c707fe2175,3
64324a0e362c27c707fe2f2e,64316ada362c27c707fe2176,1
64324a0e362c27c707fe2f30,64316ada362c27c707fe2178,1
64324a0e362c27c707fe2f34,64316ada362c27c707fe217c,1
64324a0e362c27c707fe2f3e,64316ada362c27c707fe2186,5
64324a0e362c27c707fe2f47,64316ada362c27c707fe218f,2
64324a0e362c27c707fe2f4e,64316ada362c27c707fe2196,2
64324a0e362c27c707fe2f51,64316ada362c27c707fe2199,2
64324a0e362c27c707fe2f56,64316ada362c27c707fe219e,3
64324a0e362c27c707fe2f5d,64316ada362c27c707fe21a5,4
64324a0e362c27c707fe2f64,64316ada362c27c707fe21ac,5
64324a0e362c27c707fe2f6b,64316ada362c27c707fe21b3,1
64324a0e362c27c707fe2f6e,64316ada362c27c707fe21b6,4
64324a0e362c27c707fe2f71,64316ada362c27c707fe21b9,5
64324a0e362c27c707fe2f83,64316ada362c27c707fe21cb,4
64324a0e362c27c707fe2f85,64316ada362c27c707fe21cd,1
64324a0e362c27c707fe2f87,64316ada362c27c707fe21cf,3
64324a0e362c27c707fe2f8c,64316ada362c27c707fe21d4,5
64324a0e362c27c707fe2fa3,64316ada362c27c707fe21eb,4
64324a0e362c27c707fe2fa8,64316ada362c27c707fe21f0,3
64324a0e362c27c707fe2fb6,64316ada362c27c707fe21fe,4
64324a0e362c27c707fe2fd8,64316ada362c27c707fe2220,2
64324a0e362c27c707fe2fe2,64316ada362c27c707fe222a,3
64324a0e362c27c707fe2fe5,64316ada362c27c707fe222d,3
64324a0e362c27c707fe2fee,64316ada362c27c707fe2236,4
64324a0e362c27c707fe2ff2,64316ada362c27c707fe223a,5
64324a0e362c27c707fe2ffd,64316ada362c27c707fe2245,5
64324a0e362c27c707fe3006,64316ada362c27c707fe224e,3
64324a0e362c27c707fe302b,64316ada362c27c707fe2273,2
64324a0e362c27c707fe303e,64316ada362c27c707fe2286,2
64324a0e362c27c707fe3043,64316ada362c27c707fe228b,2
64324a0e362c27c707fe3046,64316ada362c27c707fe228e,5
64324a0e362c27c707fe3047,64316ada362c27c707fe228f,2
64324a0e362c27c707fe3051,64316ada362c27c707fe2299,2
64324a0e362c27c707fe3052,64316ada362c27c707fe229a,3
64324a0e362c27c707fe3061,64316ada362c27c707fe22a9,3
64324a0e362c27c707fe3065,64316ada362c27c707fe22ad,5
64324a0e362c27c707fe306b,64316ada362c27c707fe22b3,3
64324a0e362c27c707fe3070,64316ada362c27c707fe22b8,4
64324a0e362c27c707fe2e89,64316ada362c27c707fe20d1,2
64324a0e362c27c707fe2e91,64316ada362c27c707fe20d9,2
64324a0e362c27c707fe2e84,64316ada362c27c707fe20cc,5
64324a0e362c27c707fe2e8a,64316ada362c27c707fe20d2,3
64324a0e362c27c707fe2e8c,64316ada362c27c707fe20d4,5
64324a0e362c27c707fe2e99,64316ada362c27c707fe20e1,1
64324a0e362c27c707fe2e9a,64316ada362c27c707fe20e2,1
64324a0e362c27c707fe2ea7,64316ada362c27c707fe20ef,4
64324a0e362c27c707fe2eb3,64316ada362c27c707fe20fb,5
64324a0e362c27c707fe2ed3,64316ada362c27c707fe211b,4
64324a0e362c27c707fe2ed9,64316ada362c27c707fe2121,2
64324a0e362c27c707fe2edd,64316ada362c27c707fe2125,4
64324a0e362c27c707fe2ee1,64316ada362c27c707fe2129,5
64324a0e362c27c707fe2ee4,64316ada362c27c707fe212c,4
64324a0e362c27c707fe2ef6,64316ada362c27c707fe213e,1
64324a0e362c27c707fe2f11,64316ada362c27c707fe2159,3
64324a0e362c27c707fe2f18,64316ada362c27c707fe2160,1
64324a0e362c27c707fe2f1a,64316ada362c27c707fe2162,1
64324a0e362c27c707fe2f1b,64316ada362c27c707fe2163,2
64324a0e362c27c707fe2f36,64316ada362c27c707fe217e,3
64324a0e362c27c707fe2f38,64316ada362c27c707fe2180,4
64324a0e362c27c707fe2f4b,64316ada362c27c707fe2193,4
64324a0e362c27c707fe2f4c,64316ada362c27c707fe2194,1
64324a0e362c27c707fe2f5a,64316ada362c27c707fe21a2,3
64324a0e362c27c707fe2f5f,64316ada362c27c707fe21a7,4
64324a0e362c27c707fe2f62,64316ada362c27c707fe21aa,4
64324a0e362c27c707fe2f6c,64316ada362c27c707fe21b4,2
64324a0e362c27c707fe2f74,64316ada362c27c707fe21bc,2
64324a0e362c27c707fe2f7d,64316ada362c27c707fe21c5,4
64324a0e362c27c707fe2f86,64316ada362c27c707fe21ce,3
64324a0e362c27c707fe2f8a,64316ada362c27c707fe21d2,4
64324a0e362c27c707fe2f91,64316ada362c27c707fe21d9,1
64324a0e362c27c707fe2f93,64316ada362c27c707fe21db,1
64324a0e362c27c707fe2f9a,64316ada362c27c707fe21e2,2
64324a0e362c27c707fe2fa0,64316ada362c27c707fe21e8,5
64324a0e362c27c707fe2fa4,64316ada362c27c707fe21ec,1
64324a0e362c27c707fe2fbc,64316ada362c27c707fe2204,5
64324a0e362c27c707fe2fbf,64316ada362c27c707fe2207,2
64324a0e362c27c707fe2fc1,64316ada362c27c707fe2209,5
64324a0e362c27c707fe2fc9,64316ada362c27c707fe2211,5
64324a0e362c27c707fe2fcb,64316ada362c27c707fe2213,4
64324a0e362c27c707fe2fdf,64316ada362c27c707fe2227,3
64324a0e362c27c707fe2fe3,64316ada362c27c707fe222b,5
64324a0e362c27c707fe2ff9,64316ada362c27c707fe2241,2
64324a0e362c27c707fe3005,64316ada362c27c707fe224d,2
64324a0e362c27c707fe300f,64316ada362c27c707fe2257,2
64324a0e362c27c707fe3019,64316ada362c27c707fe2261,3
64324a0e362c27c707fe301a,64316ada362c27c707fe2262,1
64324a0e362c27c707fe301c,64316ada362c27c707fe2264,1
64324a0e362c27c707fe3022,64316ada362c27c707fe226a,4
64324a0e362c27c707fe303a,64316ada362c27c707fe2282,2
64324a0e362c27c707fe3042,64316ada362c27c707fe228a,5
64324a0e362c27c707fe3049,64316ada362c27c707fe2291,3
64324a0e362c27c707fe3054,64316ada362c27c707fe229c,1
64324a0e362c27c707fe3060,64316ada362c27c707fe22a8,2
64324a0e362c27c707fe306d,64316ada362c27c707fe22b5,1
64324a0e362c27c707fe3074,64316ada362c27c707fe22bc,4
64324a0e362c27c707fe307a,64316ada362c27c707fe22c2,1
64324a0e362c27c707fe307c,64316ada362c27c707fe22c4,1
64324a0e362c27c707fe3082,64316ada362c27c707fe22ca,1
64324a0e362c27c707fe3086,64316ada362c27c707fe22ce,5
64324a0e362c27c707fe308d,64316ada362c27c707fe22d5,5
64324a0e362c27c707fe308e,64316ada362c27c707fe22d6,3
64324a0e362c27c707fe308f,64316ada362c27c707fe22d7,4
64324a0e362c27c707fe3095,64316ada362c27c707fe22dd,4
64324a0e362c27c707fe3099,64316ada362c27c707fe22e1,1
64324a0e362c27c707fe2e8f,64316ada362c27c707fe20d7,3
64324a0e362c27c707fe2e90,64316ada362c27c707fe20d8,2
64324a0e362c27c707fe2e94,64316ada362c27c707fe20dc,1
64324a0e362c27c707fe2ea3,64316ada362c27c707fe20eb,3
64324a0e362c27c707fe2ea5,64316ada362c27c707fe20ed,4
64324a0e362c27c707fe2ea6,64316ada362c27c707fe20ee,1
64324a0e362c27c707fe2ea8,64316ada362c27c707fe20f0,2
64324a0e362c27c707fe2ead,64316ada362c27c707fe20f5,5
64324a0e362c27c707fe2eae,64316ada362c27c707fe20f6,4
64324a0e362c27c707fe2eaf,64316ada362c27c707fe20f7,3
64324a0e362c27c707fe2eb0,64316ada362c27c707fe20f8,2
64324a0e362c27c707fe2eb5,64316ada362c27c707fe20fd,2
64324a0e362c27c707fe2eba,64316ada362c27c707fe2102,1
64324a0e362c27c707fe2ebc,64316ada362c27c707fe2104,5
64324a0e362c27c707fe2ec9,64316ada362c27c707fe2111,4
64324a0e362c27c707fe2ecf,64316ada362c27c707fe2117,2
64324a0e362c27c707fe2ed7,64316ada362c27c707fe211f,3
64324a0e362c27c707fe2ed8,64316ada362c27c707fe2120,2
64324a0e362c27c707fe2edc,64316ada362c27c707fe2124,1
64324a0e362c27c707fe2ee9,64316ada362c27c707fe2131,2
64324a0e362c27c707fe2eeb,64316ada362c27c707fe2133,3
64324a0e362c27c707fe2ef7,64316ada362c27c707fe213f,4
64324a0e362c27c707fe2ef8,64316ada362c27c707fe2140,4
64324a0e362c27c707fe2efc,64316ada362c27c707fe2144,5
64324a0e362c27c707fe2f08,64316ada362c27c707fe2150,2
64324a0e362c27c707fe2f0c,64316ada362c27c707fe2154,4
64324a0e362c27c707fe2f10,64316ada362c27c707fe2158,4
64324a0e362c27c707fe2f12,64316ada362c27c707fe215a,5
64324a0e362c27c707fe2f19,64316ada362c27c707fe2161,3
64324a0e362c27c707fe2f21,64316ada362c27c707fe2169,1
64324a0e362c27c707fe2f26,64316ada362c27c707fe216e,5
64324a0e362c27c707fe2f2a,64316ada362c27c707fe2172,3
64324a0e362c27c707fe2f31,64316ada362c27c707fe2179,4
64324a0e362c27c707fe2f3c,64316ada362c27c707fe2184,4
64324a0e362c27c707fe2f43,64316ada362c27c707fe218b,5
64324a0e362c27c707fe2f4d,64316ada362c27c707fe2195,4
64324a0e362c27c707fe2f55,64316ada362c27c707fe219d,1
64324a0e362c27c707fe2f58,64316ada362c27c707fe21a0,3
64324a0e362c27c707fe2f5b,64316ada362c27c707fe21a3,2
64324a0e362c27c707fe2f6a,64316ada362c27c707fe21b2,4
64324a0e362c27c707fe2f73,64316ada362c27c707fe21bb,2
64324a0e362c27c707fe2f7f,64316ada362c27c707fe21c7,2
64324a0e362c27c707fe2f81,64316ada362c27c707fe21c9,2
64324a0e362c27c707fe2f82,64316ada362c27c707fe21ca,2
64324a0e362c27c707fe2f88,64316ada362c27c707fe21d0,2
64324a0e362c27c707fe2f90,64316ada362c27c707fe21d8,1
64324a0e362c27c707fe2f9e,64316ada362c27c707fe21e6,4
64324a0e362c27c707fe2f9f,64316ada362c27c707fe21e7,4
64324a0e362c27c707fe2fa7,64316ada362c27c707fe21ef,5
64324a0e362c27c707fe2faa,64316ada362c27c707fe21f2,5
64324a0e362c27c707fe2fac,64316ada362c27c707fe21f4,5
64324a0e362c27c707fe2faf,64316ada362c27c707fe21f7,4
64324a0e362c27c707fe2fc7,64316ada362c27c707fe220f,3
64324a0e362c27c707fe2fd5,64316ada362c27c707fe221d,1
64324a0e362c27c707fe2fe0,64316ada362c27c707fe2228,3
64324a0e362c27c707fe2fe9,64316ada362c27c707fe2231,1
64324a0e362c27c707fe2ff4,64316ada362c27c707fe223c,1
64324a0e362c27c707fe2ff8,64316ada362c27c707fe2240,3
64324a0e362c27c707fe2fff,64316ada362c27c707fe2247,4
64324a0e362c27c707fe3003,64316ada362c27c707fe224b,2
64324a0e362c27c707fe300b,64316ada362c27c707fe2253,1
64324a0e362c27c707fe300d,64316ada362c27c707fe2255,5
64324a0e362c27c707fe3016,64316ada362c27c707fe225e,1
64324a0e362c27c707fe3017,64316ada362c27c707fe225f,3
64324a0e362c27c707fe2e93,64316ada362c27c707fe20db,2
64324a0e362c27c707fe2e98,64316ada362c27c707fe20e0,2
64324a0e362c27c707fe2e9b,64316ada362c27c707fe20e3,1
64324a0e362c27c707fe2e9c,64316ada362c27c707fe20e4,1
64324a0e362c27c707fe2ea4,64316ada362c27c707fe20ec,1
64324a0e362c27c707fe2eb1,64316ada362c27c707fe20f9,4
64324a0e362c27c707fe2ebd,64316ada362c27c707fe2105,3
64324a0e362c27c707fe2ebe,64316ada362c27c707fe2106,1
64324a0e362c27c707fe2ec3,64316ada362c27c707fe210b,5
64324a0e362c27c707fe2ecc,64316ada362c27c707fe2114,4
64324a0e362c27c707fe2ede,64316ada362c27c707fe2126,2
64324a0e362c27c707fe2ee6,64316ada362c27c707fe212e,1
64324a0e362c27c707fe2ef5,64316ada362c27c707fe213d,2
64324a0e362c27c707fe2efd,64316ada362c27c707fe2145,5
64324a0e362c27c707fe2eff,64316ada362c27c707fe2147,2
64324a0e362c27c707fe2f09,64316ada362c27c707fe2151,2
64324a0e362c27c707fe2f16,64316ada362c27c707fe215e,1
64324a0e362c27c707fe2f29,64316ada362c27c707fe2171,5
64324a0e362c27c707fe2f2f,64316ada362c27c707fe2177,2
64324a0e362c27c707fe2f37,64316ada362c27c707fe217f,5
64324a0e362c27c707fe2f48,64316ada362c27c707fe2190,2
64324a0e362c27c707fe2f53,64316ada362c27c707fe219b,2
64324a0e362c27c707fe2f5c,64316ada362c27c707fe21a4,1
64324a0e362c27c707fe2f89,64316ada362c27c707fe21d1,3
64324a0e362c27c707fe2f95,64316ada362c27c707fe21dd,2
64324a0e362c27c707fe2f9d,64316ada362c27c707fe21e5,4
64324a0e362c27c707fe2fab,64316ada362c27c707fe21f3,2
64324a0e362c27c707fe2fae,64316ada362c27c707fe21f6,5
64324a0e362c27c707fe2fb0,64316ada362c27c707fe21f8,4
64324a0e362c27c707fe2fb1,64316ada362c27c707fe21f9,2
64324a0e362c27c707fe2fbb,64316ada362c27c707fe2203,5
64324a0e362c27c707fe2fca,64316ada362c27c707fe2212,3
64324a0e362c27c707fe2fcf,64316ada362c27c707fe2217,3
64324a0e362c27c707fe2fd1,64316ada362c27c707fe2219,2
64324a0e362c27c707fe2fdb,64316ada362c27c707fe2223,4
64324a0e362c27c707fe2fdd,64316ada362c27c707fe2225,3
64324a0e362c27c707fe2ff3,64316ada362c27c707fe223b,1
64324a0e362c27c707fe2ffc,64316ada362c27c707fe2244,3
64324a0e362c27c707fe3001,64316ada362c27c707fe2249,1
64324a0e362c27c707fe300c,64316ada362c27c707fe2254,3
64324a0e362c27c707fe3012,64316ada362c27c707fe225a,4
64324a0e362c27c707fe3027,64316ada362c27c707fe226f,5
64324a0e362c27c707fe3029,64316ada362c27c707fe2271,2
64324a0e362c27c707fe302a,64316ada362c27c707fe2272,5
64324a0e362c27c707fe3033,64316ada362c27c707fe227b,2
64324a0e362c27c707fe3038,64316ada362c27c707fe2280,5
64324a0e362c27c707fe303c,64316ada362c27c707fe2284,5
64324a0e362c27c707fe303f,64316ada362c27c707fe2287,5
64324a0e362c27c707fe3040,64316ada362c27c707fe2288,1
64324a0e362c27c707fe3053,64316ada362c27c707fe229b,4
64324a0e362c27c707fe3056,64316ada362c27c707fe229e,5
64324a0e362c27c707fe3057,64316ada362c27c707fe229f,1
64324a0e362c27c707fe305a,64316ada362c27c707fe22a2,1
64324a0e362c27c707fe305c,64316ada362c27c707fe22a4,4
64324a0e362c27c707fe305f,64316ada362c27c707fe22a7,2
64324a0e362c27c707fe3063,64316ada362c27c707fe22ab,3
64324a0e362c27c707fe3066,64316ada362c27c707fe22ae,5
64324a0e362c27c707fe306f,64316ada362c27c707fe22b7,3
64324a0e362c27c707fe3071,64316ada362c27c707fe22b9,5
64324a0e362c27c707fe3075,64316ada362c27c707fe22bd,3
64324a0e362c27c707fe3083,64316ada362c27c707fe22cb,2
64324a0e362c27c707fe3087,64316ada362c27c707fe22cf,5
64324a0e362c27c707fe3089,64316ada362c27c707fe22d1,4
64324a0e362c27c707fe30b3,64316ada362c27c707fe22fb,5
64324a0e362c27c707fe3077,64316ada362c27c707fe22bf,3
64324a0e362c27c707fe3079,64316ada362c27c707fe22c1,2
64324a0e362c27c707fe307e,64316ada362c27c707fe22c6,1
64324a0e362c27c707fe3081,64316ada362c27c707fe22c9,5
64324a0e362c27c707fe3088,64316ada362c27c707fe22d0,3
64324a0e362c27c707fe308c,64316ada362c27c707fe22d4,5
64324a0e362c27c707fe30a4,64316ada362c27c707fe22ec,1
64324a0e362c27c707fe30a5,64316ada362c27c707fe22ed,1
64324a0e362c27c707fe30ba,64316ada362c27c707fe2302,2
64324a0e362c27c707fe30bf,64316ada362c27c707fe2307,4
64324a0e362c27c707fe30c4,64316ada362c27c707fe230c,5
64324a0e362c27c707fe30d1,64316ada362c27c707fe2319,1
64324a0e362c27c707fe30e6,64316ada362c27c707fe232e,5
64324a0e362c27c707fe30f3,64316ada362c27c707fe233b,1
64324a0e362c27c707fe3104,64316ada362c27c707fe234c,4
64324a0e362c27c707fe3106,64316ada362c27c707fe234e,5
64324a0e362c27c707fe311a,64316ada362c27c707fe2362,3
64324a0e362c27c707fe311d,64316ada362c27c707fe2365,3
64324a0e362c27c707fe3121,64316ada362c27c707fe2369,3
64324a0e362c27c707fe3124,64316ada362c27c707fe236c,2
64324a0e362c27c707fe3137,64316ada362c27c707fe237f,4
64324a0e362c27c707fe309c,64316ada362c27c707fe22e4,1
64324a0e362c27c707fe309e,64316ada362c27c707fe22e6,2
64324a0e362c27c707fe309f,64316ada362c27c707fe22e7,1
64324a0e362c27c707fe30a0,64316ada362c27c707fe22e8,2
64324a0e362c27c707fe30b4,64316ada362c27c707fe22fc,3
64324a0e362c27c707fe30c9,64316ada362c27c707fe2311,1
64324a0e362c27c707fe30cc,64316ada362c27c707fe2314,3
64324a0e362c27c707fe30d4,64316ada362c27c707fe231c,3
64324a0e362c27c707fe30d6,64316ada362c27c707fe231e,3
64324a0e362c27c707fe30db,64316ada362c27c707fe2323,2
64324a0e362c27c707fe30e4,64316ada362c27c707fe232c,5
64324a0e362c27c707fe30ec,64316ada362c27c707fe2334,4
64324a0e362c27c707fe30fd,64316ada362c27c707fe2345,5
64324a0e362c27c707fe30fe,64316ada362c27c707fe2346,2
64324a0e362c27c707fe30ff,64316ada362c27c707fe2347,4
64324a0e362c27c707fe3100,64316ada362c27c707fe2348,5
64324a0e362c27c707fe310a,64316ada362c27c707fe2352,4
64324a0e362c27c707fe310d,64316ada362c27c707fe2355,1
64324a0e362c27c707fe3123,64316ada362c27c707fe236b,3
64324a0e362c27c707fe3125,64316ada362c27c707fe236d,5
64324a0e362c27c707fe3129,64316ada362c27c707fe2371,4
64324a0e362c27c707fe312c,64316ada362c27c707fe2374,5
64324a0e362c27c707fe30b9,64316ada362c27c707fe2301,3
64324a0e362c27c707fe30bb,64316ada362c27c707fe2303,3
64324a0e362c27c707fe30d5,64316ada362c27c707fe231d,5
64324a0e362c27c707fe30d9,64316ada362c27c707fe2321,1
64324a0e362c27c707fe30dd,64316ada362c27c707fe2325,3
64324a0e362c27c707fe30e3,64316ada362c27c707fe232b,2
64324a0e362c27c707fe30e9,64316ada362c27c707fe2331,1
64324a0e362c27c707fe30ed,64316ada362c27c707fe2335,2
64324a0e362c27c707fe30f5,64316ada362c27c707fe233d,4
64324a0e362c27c707fe30fa,64316ada362c27c707fe2342,3
64324a0e362c27c707fe3101,64316ada362c27c707fe2349,2
64324a0e362c27c707fe311b,64316ada362c27c707fe2363,3
64324a0e362c27c707fe312d,64316ada362c27c707fe2375,2
64324a0e362c27c707fe312e,64316ada362c27c707fe2376,1
64324a0e362c27c707fe312f,64316ada362c27c707fe2377,2
64324a0e362c27c707fe3131,64316ada362c27c707fe2379,3
64324a0e362c27c707fe3134,64316ada362c27c707fe237c,2
64324a0e362c27c707fe301d,64316ada362c27c707fe2265,5
64324a0e362c27c707fe3020,64316ada362c27c707fe2268,4
64324a0e362c27c707fe302c,64316ada362c27c707fe2274,4
64324a0e362c27c707fe302e,64316ada362c27c707fe2276,5
64324a0e362c27c707fe3036,64316ada362c27c707fe227e,1
64324a0e362c27c707fe3044,64316ada362c27c707fe228c,4
64324a0e362c27c707fe304c,64316ada362c27c707fe2294,5
64324a0e362c27c707fe304d,64316ada362c27c707fe2295,3
64324a0e362c27c707fe3058,64316ada362c27c707fe22a0,4
64324a0e362c27c707fe305e,64316ada362c27c707fe22a6,5
64324a0e362c27c707fe3067,64316ada362c27c707fe22af,4
64324a0e362c27c707fe3069,64316ada362c27c707fe22b1,1
64324a0e362c27c707fe307d,64316ada362c27c707fe22c5,2
64324a0e362c27c707fe3094,64316ada362c27c707fe22dc,5
64324a0e362c27c707fe3098,64316ada362c27c707fe22e0,4
64324a0e362c27c707fe30a6,64316ada362c27c707fe22ee,2
64324a0e362c27c707fe30a8,64316ada362c27c707fe22f0,1
64324a0e362c27c707fe30aa,64316ada362c27c707fe22f2,2
64324a0e362c27c707fe30ad,64316ada362c27c707fe22f5,1
64324a0e362c27c707fe30b2,64316ada362c27c707fe22fa,1
64324a0e362c27c707fe30b5,64316ada362c27c707fe22fd,2
64324a0e362c27c707fe30be,64316ada362c27c707fe2306,2
64324a0e362c27c707fe30c0,64316ada362c27c707fe2308,4
64324a0e362c27c707fe30cb,64316ada362c27c707fe2313,1
64324a0e362c27c707fe30cf,64316ada362c27c707fe2317,3
64324a0e362c27c707fe30d0,64316ada362c27c707fe2318,3
64324a0e362c27c707fe30f2,64316ada362c27c707fe233a,4
64324a0e362c27c707fe30f6,64316ada362c27c707fe233e,4
64324a0e362c27c707fe3103,64316ada362c27c707fe234b,3
64324a0e362c27c707fe310f,64316ada362c27c707fe2357,3
64324a0e362c27c707fe3120,64316ada362c27c707fe2368,3
