_id,createDate,createTime,status,orderedBy,billValue,discount,orderType,table,handleBy
64316ada362c27c707fe20c6,1970-10-20,18:11:10,pending,64315d86362c27c707fe155c,774,94,1,2,8
64316ada362c27c707fe20c7,2003-12-01,04:11:50,completed,64315d86362c27c707fe1560,751,19,9,3,2
64316ada362c27c707fe20c8,1980-08-04,09:51:16,pending,64315d86362c27c707fe154e,633,84,4,6,4
64316ada362c27c707fe20c9,1973-01-21,10:40:22,cancelled,64315d86362c27c707fe1556,946,31,9,4,2
64316ada362c27c707fe20ca,2016-08-19,09:56:14,cancelled,64315d86362c27c707fe1542,416,19,8,4,6
64316ada362c27c707fe20cb,2018-10-06,19:07:30,cancelled,64315d86362c27c707fe1548,316,97,5,2,9
64316ada362c27c707fe20cc,1976-01-01,13:51:37,cancelled,64315d86362c27c707fe152d,289,60,1,8,2
64316ada362c27c707fe20cd,1996-12-09,15:19:16,pending,64315d86362c27c707fe154b,651,65,2,3,3
64316ada362c27c707fe20ce,1983-09-20,06:00:44,cancelled,64315d86362c27c707fe1533,622,30,4,4,8
64316ada362c27c707fe20cf,1990-11-29,15:59:37,pending,64315d86362c27c707fe1560,936,42,4,3,7
64316ada362c27c707fe20d0,1977-12-15,22:57:19,completed,64315d86362c27c707fe154b,170,68,5,5,1
64316ada362c27c707fe20d1,1996-03-30,07:38:57,completed,64315d86362c27c707fe1558,573,11,2,1,4
64316ada362c27c707fe20d2,1975-08-27,20:38:10,completed,64315d86362c27c707fe152d,265,35,8,10,1
64316ada362c27c707fe20d3,2003-10-20,08:52:46,completed,64315d86362c27c707fe1531,841,21,5,1,3
64316ada362c27c707fe20d4,2018-11-27,23:46:37,cancelled,64315d86362c27c707fe1534,997,58,7,2,5
64316ada362c27c707fe20d5,2022-09-06,06:50:46,completed,64315d86362c27c707fe1532,617,28,9,4,9
64316ada362c27c707fe20d6,1971-10-21,23:14:54,completed,64315d86362c27c707fe1540,568,29,6,8,10
64316ada362c27c707fe20d7,1973-01-20,10:41:35,completed,64315d86362c27c707fe154c,902,57,7,4,9
64316ada362c27c707fe20d8,2009-06-28,00:25:25,pending,64315d86362c27c707fe1543,418,21,1,5,2
64316ada362c27c707fe20d9,2000-11-05,20:49:17,cancelled,64315d86362c27c707fe1539,923,65,7,2,5
64316ada362c27c707fe20da,2011-09-25,09:23:59,pending,64315d86362c27c707fe152c,367,67,7,6,4
64316ada362c27c707fe20db,1988-07-29,17:02:43,completed,64315d86362c27c707fe1532,455,9,9,6,8
64316ada362c27c707fe20dc,1972-01-17,11:32:17,completed,64315d86362c27c707fe1555,236,98,7,10,9
64316ada362c27c707fe20dd,2022-11-19,21:45:21,pending,64315d86362c27c707fe1545,529,81,8,10,8
64316ada362c27c707fe20de,1980-02-04,17:00:44,completed,64315d86362c27c707fe153c,564,67,3,1,1
64316ada362c27c707fe20df,1978-11-21,05:38:28,completed,64315d86362c27c707fe1566,331,50,9,4,3
64316ada362c27c707fe20e0,1975-12-27,01:33:18,pending,64315d86362c27c707fe152d,947,38,2,10,5
64316ada362c27c707fe20e1,1971-05-12,11:34:07,cancelled,64315d86362c27c707fe1534,333,6,8,5,1
64316ada362c27c707fe20e2,2000-08-27,03:14:54,completed,64315d86362c27c707fe1544,653,47,2,4,4
64316ada362c27c707fe20e3,1991-02-03,20:54:37,cancelled,64315d86362c27c707fe155d,467,93,2,2,5
64316ada362c27c707fe20e4,2008-04-12,17:03:26,cancelled,64315d86362c27c707fe154c,415,66,5,4,7
64316ada362c27c707fe20e5,2004-06-20,01:46:32,pending,64315d86362c27c707fe153d,970,82,7,9,8
64316ada362c27c707fe20e6,2013-03-11,17:37:14,pending,64315d86362c27c707fe1549,529,74,8,1,4
64316ada362c27c707fe20e7,1996-03-01,15:23:24,pending,64315d86362c27c707fe1564,851,18,9,7,2
64316ada362c27c707fe20e8,1996-08-10,04:55:47,completed,64315d86362c27c707fe1544,909,70,8,10,9
64316ada362c27c707fe20e9,1984-02-22,20:17:12,pending,64315d86362c27c707fe155f,640,45,6,2,8
64316ada362c27c707fe20ea,1988-11-19,07:47:05,pending,64315d86362c27c707fe1551,744,78,5,9,9
64316ada362c27c707fe20eb,2017-08-13,20:24:27,cancelled,64315d86362c27c707fe154d,494,67,1,7,1
64316ada362c27c707fe20ec,1974-07-03,04:17:47,completed,64315d86362c27c707fe1549,283,50,2,1,3
64316ada362c27c707fe20ed,1973-10-10,18:24:15,cancelled,64315d86362c27c707fe1554,497,9,2,5,5
64316ada362c27c707fe20ee,1981-05-30,09:19:44,cancelled,64315d86362c27c707fe1550,935,86,8,7,4
64316ada362c27c707fe20ef,1999-01-14,18:14:40,completed,64315d86362c27c707fe152b,929,100,4,2,5
64316ada362c27c707fe20f0,1978-08-05,01:59:09,pending,64315d86362c27c707fe1549,824,20,9,6,6
64316ada362c27c707fe20f1,1988-09-07,11:47:23,pending,64315d86362c27c707fe153d,167,45,3,4,5
64316ada362c27c707fe20f2,1989-02-25,06:05:18,cancelled,64315d86362c27c707fe153e,571,27,10,2,5
64316ada362c27c707fe20f3,1982-06-18,11:06:15,completed,64315d86362c27c707fe1543,294,87,5,3,8
64316ada362c27c707fe20f4,2009-12-13,02:36:28,pending,64315d86362c27c707fe1569,719,67,3,7,3
64316ada362c27c707fe20f5,1985-08-14,03:49:16,completed,64315d86362c27c707fe1561,446,0,9,10,6
64316ada362c27c707fe20f6,2015-03-19,03:56:02,cancelled,64315d86362c27c707fe155e,961,74,8,4,3
64316ada362c27c707fe20f7,1970-03-01,23:46:23,completed,64315d86362c27c707fe155a,189,22,4,9,1
64316ada362c27c707fe20f8,1980-08-02,03:00:59,cancelled,64315d86362c27c707fe1531,994,77,9,5,10
64316ada362c27c707fe20f9,2017-02-08,14:17:47,cancelled,64315d86362c27c707fe1539,283,67,8,1,6
64316ada362c27c707fe20fa,2014-07-21,16:34:06,pending,64315d86362c27c707fe1564,379,100,10,4,8
64316ada362c27c707fe20fb,1996-01-09,13:16:49,pending,64315d86362c27c707fe152e,166,33,3,10,5
64316ada362c27c707fe20fc,2013-10-23,14:19:44,cancelled,64315d86362c27c707fe1540,368,50,2,3,8
64316ada362c27c707fe20fd,1997-11-18,19:09:04,completed,64315d86362c27c707fe1532,861,23,9,6,8
64316ada362c27c707fe20fe,1998-07-15,12:26:07,cancelled,64315d86362c27c707fe1558,505,19,9,9,8
64316ada362c27c707fe20ff,2008-03-03,11:15:23,completed,64315d86362c27c707fe153d,814,7,2,6,1
64316ada362c27c707fe2100,2008-12-21,18:32:36,pending,64315d86362c27c707fe1545,416,51,3,9,5
64316ada362c27c707fe2101,2010-07-20,04:50:38,cancelled,64315d86362c27c707fe1551,269,24,5,9,9
64316ada362c27c707fe2102,1991-10-02,14:50:32,cancelled,64315d86362c27c707fe1557,814,28,4,10,6
64316ada362c27c707fe2103,1983-10-07,23:36:55,pending,64315d86362c27c707fe154a,381,57,6,5,8
64316ada362c27c707fe2104,2020-02-13,09:55:17,cancelled,64315d86362c27c707fe1546,977,64,4,10,1
64316ada362c27c707fe2105,2016-04-29,20:36:01,cancelled,64315d86362c27c707fe1566,881,99,3,10,8
64316ada362c27c707fe2106,1987-04-07,10:00:39,pending,64315d86362c27c707fe1565,477,58,8,9,6
64316ada362c27c707fe2107,1979-08-14,16:16:08,pending,64315d86362c27c707fe152b,690,85,5,6,10
64316ada362c27c707fe2108,2016-09-06,21:47:01,cancelled,64315d86362c27c707fe1560,815,80,10,3,10
64316ada362c27c707fe2109,2002-12-06,23:16:46,pending,64315d86362c27c707fe1560,112,6,1,10,6
64316ada362c27c707fe210a,2013-10-02,09:14:50,completed,64315d86362c27c707fe1554,589,64,7,4,5
64316ada362c27c707fe210b,1998-03-03,01:41:24,completed,64315d86362c27c707fe152e,401,35,5,9,2
64316ada362c27c707fe210c,2016-03-02,04:24:56,pending,64315d86362c27c707fe1552,693,81,9,6,2
64316ada362c27c707fe210d,2012-07-26,04:47:39,cancelled,64315d86362c27c707fe1534,717,37,6,2,2
64316ada362c27c707fe210e,2009-05-25,13:49:27,pending,64315d86362c27c707fe1566,415,65,10,1,2
64316ada362c27c707fe210f,1988-03-30,04:22:53,completed,64315d86362c27c707fe1560,442,100,9,4,9
64316ada362c27c707fe2110,1985-09-12,11:00:03,cancelled,64315d86362c27c707fe154b,902,71,10,5,10
64316ada362c27c707fe2111,1994-01-27,08:03:30,cancelled,64315d86362c27c707fe1553,317,10,10,3,7
64316ada362c27c707fe2112,2008-06-06,20:57:12,cancelled,64315d86362c27c707fe152b,190,58,3,9,6
64316ada362c27c707fe2113,2016-01-06,03:46:01,completed,64315d86362c27c707fe152b,197,97,1,10,4
64316ada362c27c707fe2114,1976-05-29,03:36:35,pending,64315d86362c27c707fe1549,894,56,5,3,6
64316ada362c27c707fe2115,2002-01-23,13:45:40,cancelled,64315d86362c27c707fe154e,881,48,8,9,6
64316ada362c27c707fe2116,2001-10-26,15:58:06,cancelled,64315d86362c27c707fe1549,159,76,2,10,7
64316ada362c27c707fe2117,1994-10-21,22:53:26,completed,64315d86362c27c707fe153f,644,90,4,2,4
64316ada362c27c707fe2118,2021-10-26,14:58:51,completed,64315d86362c27c707fe1534,741,18,9,10,2
64316ada362c27c707fe2119,1986-03-19,02:54:23,pending,64315d86362c27c707fe1542,114,83,9,9,7
64316ada362c27c707fe211a,2016-10-24,00:32:34,completed,64315d86362c27c707fe1569,957,64,1,2,9
64316ada362c27c707fe211b,2014-12-16,10:06:25,completed,64315d86362c27c707fe1534,104,81,8,8,10
64316ada362c27c707fe211c,1983-05-13,04:57:54,pending,64315d86362c27c707fe1556,555,44,5,5,6
64316ada362c27c707fe211d,1999-12-21,16:49:01,completed,64315d86362c27c707fe154e,467,95,1,7,3
64316ada362c27c707fe211e,2012-11-02,11:54:25,pending,64315d86362c27c707fe1536,726,28,6,1,8
64316ada362c27c707fe211f,2000-10-14,16:39:34,pending,64315d86362c27c707fe153a,542,29,4,5,8
64316ada362c27c707fe2120,1991-07-23,21:01:26,completed,64315d86362c27c707fe1545,667,14,3,5,9
64316ada362c27c707fe2121,1994-02-07,16:50:36,cancelled,64315d86362c27c707fe153f,540,91,9,10,5
64316ada362c27c707fe2122,2013-11-07,07:33:29,pending,64315d86362c27c707fe153f,559,6,4,4,4
64316ada362c27c707fe2123,1985-06-19,12:25:35,pending,64315d86362c27c707fe1542,612,77,8,1,3
64316ada362c27c707fe2124,2014-09-16,08:23:04,cancelled,64315d86362c27c707fe153e,641,53,6,5,7
64316ada362c27c707fe2125,2000-09-06,21:02:14,pending,64315d86362c27c707fe1531,124,71,5,7,7
64316ada362c27c707fe2126,2016-02-28,11:50:20,pending,64315d86362c27c707fe1566,490,1,2,8,3
64316ada362c27c707fe2127,1973-12-21,01:06:44,completed,64315d86362c27c707fe1563,873,71,8,5,10
64316ada362c27c707fe2128,2001-08-27,20:49:52,completed,64315d86362c27c707fe1541,281,100,3,2,5
64316ada362c27c707fe2129,2002-10-29,14:19:43,completed,64315d86362c27c707fe1542,171,39,8,6,9
64316ada362c27c707fe212a,2002-03-17,11:44:29,completed,64315d86362c27c707fe1558,892,54,3,4,4
64316ada362c27c707fe212b,1994-02-04,05:15:43,pending,64315d86362c27c707fe1562,958,82,8,7,4
64316ada362c27c707fe212c,2010-05-04,10:42:44,completed,64315d86362c27c707fe1556,700,27,7,6,9
64316ada362c27c707fe212d,1996-05-27,10:01:38,pending,64315d86362c27c707fe1544,636,79,7,4,8
64316ada362c27c707fe212e,2004-01-04,15:36:25,pending,64315d86362c27c707fe1564,143,26,7,2,10
64316ada362c27c707fe212f,1971-06-03,01:54:52,pending,64315d86362c27c707fe1569,941,66,5,3,2
64316ada362c27c707fe2130,2015-03-02,01:18:32,cancelled,64315d86362c27c707fe1529,389,8,4,9,10
64316ada362c27c707fe2131,1972-01-11,18:37:26,pending,64315d86362c27c707fe154d,841,39,6,8,2
64316ada362c27c707fe2132,2020-10-12,22:48:34,completed,64315d86362c27c707fe1534,636,12,4,1,6
64316ada362c27c707fe2133,2005-02-20,19:38:50,pending,64315d86362c27c707fe155e,655,99,4,4,8
64316ada362c27c707fe2134,1987-07-05,08:32:55,pending,64315d86362c27c707fe1550,651,30,3,8,6
64316ada362c27c707fe2135,1996-01-11,17:36:20,cancelled,64315d86362c27c707fe1562,706,52,10,2,9
64316ada362c27c707fe2136,2009-07-15,21:24:55,pending,64315d86362c27c707fe154a,639,63,10,5,6
64316ada362c27c707fe2137,1996-10-03,07:19:40,cancelled,64315d86362c27c707fe1568,711,94,4,7,10
64316ada362c27c707fe2138,1985-04-01,09:07:39,cancelled,64315d86362c27c707fe1551,512,17,3,10,5
64316ada362c27c707fe2139,2006-01-26,09:16:11,cancelled,64315d86362c27c707fe153d,744,83,7,4,9
64316ada362c27c707fe213a,2000-02-02,11:39:34,completed,64315d86362c27c707fe1541,352,43,7,1,1
64316ada362c27c707fe213b,1989-01-04,03:32:48,completed,64315d86362c27c707fe1537,720,82,9,4,8
64316ada362c27c707fe213c,2017-04-18,06:13:21,pending,64315d86362c27c707fe153e,583,11,2,9,8
64316ada362c27c707fe213d,1981-12-08,12:30:55,pending,64315d86362c27c707fe155b,420,56,7,7,4
64316ada362c27c707fe213e,2018-09-30,04:13:53,cancelled,64315d86362c27c707fe154e,856,42,5,10,5
64316ada362c27c707fe213f,2014-06-04,20:43:19,completed,64315d86362c27c707fe1532,279,51,2,9,2
64316ada362c27c707fe2140,1984-01-31,11:48:53,completed,64315d86362c27c707fe152a,713,59,10,10,10
64316ada362c27c707fe2141,2020-05-18,23:35:43,pending,64315d86362c27c707fe1539,886,46,5,10,8
64316ada362c27c707fe2142,1997-04-14,02:33:17,pending,64315d86362c27c707fe152a,572,54,4,1,4
64316ada362c27c707fe2143,1993-02-25,00:02:23,pending,64315d86362c27c707fe152e,720,38,9,6,5
64316ada362c27c707fe2144,1983-01-29,19:10:03,pending,64315d86362c27c707fe1565,757,53,2,3,10
64316ada362c27c707fe2145,2016-10-18,10:56:39,cancelled,64315d86362c27c707fe1552,950,1,9,5,5
64316ada362c27c707fe2146,2009-12-06,09:20:36,completed,64315d86362c27c707fe1536,833,30,5,9,9
64316ada362c27c707fe2147,2005-02-05,06:21:41,cancelled,64315d86362c27c707fe1536,777,60,5,4,3
64316ada362c27c707fe2148,1972-09-03,05:13:33,completed,64315d86362c27c707fe1556,324,66,10,5,8
64316ada362c27c707fe2149,1971-11-22,16:44:05,cancelled,64315d86362c27c707fe155d,969,61,3,8,8
64316ada362c27c707fe214a,2021-08-05,03:45:59,completed,64315d86362c27c707fe153e,269,67,10,3,6
64316ada362c27c707fe214b,2001-08-19,21:07:15,pending,64315d86362c27c707fe1539,715,36,7,2,2
64316ada362c27c707fe214c,1972-10-19,20:02:34,cancelled,64315d86362c27c707fe1540,771,31,8,3,2
64316ada362c27c707fe214d,1985-04-01,19:29:01,pending,64315d86362c27c707fe154a,850,62,5,8,10
64316ada362c27c707fe214e,1990-07-22,22:23:21,pending,64315d86362c27c707fe153f,811,35,8,3,8
64316ada362c27c707fe214f,1995-03-07,15:14:27,cancelled,64315d86362c27c707fe1564,437,92,5,9,1
64316ada362c27c707fe2150,2017-12-03,14:14:40,completed,64315d86362c27c707fe154b,105,47,10,6,6
64316ada362c27c707fe2151,2015-06-13,11:12:20,cancelled,64315d86362c27c707fe1568,342,8,6,2,3
64316ada362c27c707fe2152,2000-08-16,03:57:01,pending,64315d86362c27c707fe1557,413,94,8,4,1
64316ada362c27c707fe2153,1973-12-03,06:35:47,cancelled,64315d86362c27c707fe1535,906,28,10,5,8
64316ada362c27c707fe2154,1977-06-21,23:27:50,cancelled,64315d86362c27c707fe1567,186,95,6,5,4
64316ada362c27c707fe2155,1992-06-30,20:06:55,completed,64315d86362c27c707fe152b,335,31,10,5,1
64316ada362c27c707fe2156,1989-08-29,14:37:36,cancelled,64315d86362c27c707fe153c,716,100,7,10,10
64316ada362c27c707fe2157,2018-06-21,14:02:12,completed,64315d86362c27c707fe154b,334,20,6,9,4
64316ada362c27c707fe2158,1984-12-19,05:12:20,pending,64315d86362c27c707fe155c,524,94,8,2,5
64316ada362c27c707fe2159,1998-02-25,22:43:40,completed,64315d86362c27c707fe1551,511,50,2,2,9
64316ada362c27c707fe215a,1991-09-11,09:27:06,completed,64315d86362c27c707fe1552,452,4,6,5,7
64316ada362c27c707fe215b,1970-08-11,20:34:49,cancelled,64315d86362c27c707fe152e,724,91,8,10,9
64316ada362c27c707fe215c,1981-05-25,15:06:50,completed,64315d86362c27c707fe1551,104,14,2,8,2
64316ada362c27c707fe215d,2015-05-19,23:09:52,completed,64315d86362c27c707fe1540,640,68,3,9,7
64316ada362c27c707fe215e,2020-10-06,00:54:21,completed,64315d86362c27c707fe1567,452,73,6,2,10
64316ada362c27c707fe215f,2023-02-25,17:19:58,pending,64315d86362c27c707fe1529,578,20,4,5,3
64316ada362c27c707fe2160,2010-08-03,00:15:53,cancelled,64315d86362c27c707fe152f,277,71,6,9,9
64316ada362c27c707fe2161,2009-12-01,21:18:14,cancelled,64315d86362c27c707fe1546,512,0,2,2,4
64316ada362c27c707fe2162,2011-08-05,14:06:41,completed,64315d86362c27c707fe1545,477,6,3,10,8
64316ada362c27c707fe2163,2012-05-17,13:14:09,completed,64315d86362c27c707fe1534,746,25,10,6,1
64316ada362c27c707fe2164,1987-11-05,15:26:08,pending,64315d86362c27c707fe1543,693,93,10,2,7
64316ada362c27c707fe2165,1994-05-30,05:53:26,pending,64315d86362c27c707fe1552,667,7,8,8,6
64316ada362c27c707fe2166,1990-03-30,14:03:57,pending,64315d86362c27c707fe1549,507,62,2,1,5
64316ada362c27c707fe2167,2021-03-29,22:01:02,cancelled,64315d86362c27c707fe152e,555,96,5,7,7
64316ada362c27c707fe2168,2000-04-03,08:39:34,cancelled,64315d86362c27c707fe1548,378,45,2,5,8
64316ada362c27c707fe2169,2007-05-22,06:36:32,cancelled,64315d86362c27c707fe1536,867,96,2,1,7
64316ada362c27c707fe216a,1980-06-07,01:46:32,pending,64315d86362c27c707fe153e,823,62,5,10,4
64316ada362c27c707fe216b,2021-01-09,09:28:09,cancelled,64315d86362c27c707fe1534,158,52,2,10,5
64316ada362c27c707fe216c,2017-08-23,21:47:52,cancelled,64315d86362c27c707fe153c,968,63,9,7,9
64316ada362c27c707fe216d,1998-04-12,02:05:43,completed,64315d86362c27c707fe154b,467,8,1,1,5
64316ada362c27c707fe216e,1977-02-06,03:56:51,completed,64315d86362c27c707fe1564,284,97,5,1,2
64316ada362c27c707fe216f,2017-03-04,04:58:49,pending,64315d86362c27c707fe1537,328,12,6,8,9
64316ada362c27c707fe2170,2013-07-17,20:05:33,pending,64315d86362c27c707fe1530,767,14,10,6,3
64316ada362c27c707fe2171,1992-01-29,11:47:21,pending,64315d86362c27c707fe152a,150,36,9,2,3
64316ada362c27c707fe2172,1984-05-08,19:14:53,completed,64315d86362c27c707fe1539,481,83,3,4,6
64316ada362c27c707fe2173,2002-07-06,07:22:33,completed,64315d86362c27c707fe154d,877,65,9,5,6
64316ada362c27c707fe2174,1970-08-04,02:00:22,pending,64315d86362c27c707fe154c,106,81,9,3,7
64316ada362c27c707fe2175,1997-01-16,07:39:55,cancelled,64315d86362c27c707fe152a,165,56,5,6,4
64316ada362c27c707fe2176,2006-03-11,03:10:41,completed,64315d86362c27c707fe1557,914,89,1,10,10
64316ada362c27c707fe2177,2014-07-02,12:03:21,pending,64315d86362c27c707fe153c,957,27,3,3,5
64316ada362c27c707fe2178,1974-09-17,01:55:02,completed,64315d86362c27c707fe154a,625,52,7,2,9
64316ada362c27c707fe2179,2009-09-04,21:45:19,cancelled,64315d86362c27c707fe153b,552,46,8,8,10
64316ada362c27c707fe217a,1989-08-05,23:53:37,completed,64315d86362c27c707fe1546,435,27,9,9,2
64316ada362c27c707fe217b,2010-03-01,04:52:40,pending,64315d86362c27c707fe1555,901,27,1,8,1
64316ada362c27c707fe217c,2006-07-17,21:41:07,pending,64315d86362c27c707fe1531,678,47,9,4,9
64316ada362c27c707fe217d,2005-10-14,11:47:02,cancelled,64315d86362c27c707fe1567,927,47,10,6,2
64316ada362c27c707fe217e,2006-03-31,23:08:37,pending,64315d86362c27c707fe1540,884,27,1,8,3
64316ada362c27c707fe217f,2016-05-21,07:15:01,cancelled,64315d86362c27c707fe1563,254,73,4,2,4
64316ada362c27c707fe2180,1977-10-31,15:51:21,cancelled,64315d86362c27c707fe1566,970,69,9,2,8
64316ada362c27c707fe2181,1991-08-05,20:47:51,completed,64315d86362c27c707fe153b,301,44,1,5,7
64316ada362c27c707fe2182,2011-03-01,01:28:06,cancelled,64315d86362c27c707fe154c,122,6,9,10,7
64316ada362c27c707fe2183,1988-03-16,12:35:30,completed,64315d86362c27c707fe1531,312,39,4,6,8
64316ada362c27c707fe2184,1975-06-16,01:30:10,completed,64315d86362c27c707fe154a,696,39,7,5,9
64316ada362c27c707fe2185,2021-04-19,21:14:53,cancelled,64315d86362c27c707fe1562,823,45,10,3,5
64316ada362c27c707fe2186,1980-01-14,23:57:33,completed,64315d86362c27c707fe153b,322,91,3,7,9
64316ada362c27c707fe2187,1985-08-22,00:09:20,cancelled,64315d86362c27c707fe1549,332,99,1,10,6
64316ada362c27c707fe2188,1995-10-26,16:11:30,cancelled,64315d86362c27c707fe1529,266,63,7,4,2
64316ada362c27c707fe2189,1991-06-27,00:16:34,cancelled,64315d86362c27c707fe1530,645,87,2,8,6
64316ada362c27c707fe218a,2007-02-03,20:17:00,completed,64315d86362c27c707fe152b,403,76,4,4,10
64316ada362c27c707fe218b,1990-03-27,23:36:51,pending,64315d86362c27c707fe155b,745,33,10,1,10
64316ada362c27c707fe218c,1981-12-23,09:08:49,pending,64315d86362c27c707fe152c,323,27,4,9,4
64316ada362c27c707fe218d,1977-07-26,10:45:29,completed,64315d86362c27c707fe1538,286,85,8,8,1
64316ada362c27c707fe218e,1978-03-16,20:43:47,cancelled,64315d86362c27c707fe154f,989,14,6,3,8
64316ada362c27c707fe218f,1998-01-06,07:18:50,cancelled,64315d86362c27c707fe1549,461,34,4,10,7
64316ada362c27c707fe2190,2006-08-20,04:00:22,pending,64315d86362c27c707fe154d,803,12,8,8,4
64316ada362c27c707fe2191,2016-02-19,00:45:57,completed,64315d86362c27c707fe152a,321,40,10,3,7
64316ada362c27c707fe2192,2016-12-11,22:32:06,completed,64315d86362c27c707fe1562,505,35,5,3,9
64316ada362c27c707fe2193,1997-09-26,01:54:31,completed,64315d86362c27c707fe1560,923,64,9,6,10
64316ada362c27c707fe2194,2006-10-01,03:13:51,completed,64315d86362c27c707fe153e,203,99,7,10,10
64316ada362c27c707fe2195,2012-11-13,06:06:45,completed,64315d86362c27c707fe153a,574,78,1,5,7
64316ada362c27c707fe2196,1985-07-18,17:17:48,completed,64315d86362c27c707fe154e,577,68,6,6,7
64316ada362c27c707fe2197,2006-01-31,00:15:32,completed,64315d86362c27c707fe1562,805,77,10,8,1
64316ada362c27c707fe2198,1985-12-17,22:07:09,completed,64315d86362c27c707fe152b,758,92,4,3,7
64316ada362c27c707fe2199,2001-10-30,18:31:58,pending,64315d86362c27c707fe152e,752,64,10,9,9
64316ada362c27c707fe219a,1994-04-14,12:22:10,pending,64315d86362c27c707fe155b,286,76,1,7,4
64316ada362c27c707fe219b,1985-02-21,09:42:39,cancelled,64315d86362c27c707fe1566,266,72,2,9,3
64316ada362c27c707fe219c,1978-04-23,00:28:11,pending,64315d86362c27c707fe1568,439,81,9,3,10
64316ada362c27c707fe219d,1992-07-06,06:13:48,cancelled,64315d86362c27c707fe1565,673,86,5,6,7
64316ada362c27c707fe219e,1998-01-05,05:33:19,completed,64315d86362c27c707fe1564,295,55,7,1,9
64316ada362c27c707fe219f,1971-07-01,18:43:19,completed,64315d86362c27c707fe154a,339,18,5,4,10
64316ada362c27c707fe21a0,1986-07-21,11:19:24,completed,64315d86362c27c707fe1564,560,65,4,8,2
64316ada362c27c707fe21a1,2000-07-28,14:50:54,completed,64315d86362c27c707fe1552,922,43,9,7,6
64316ada362c27c707fe21a2,1984-08-19,20:13:57,cancelled,64315d86362c27c707fe1540,148,29,7,6,1
64316ada362c27c707fe21a3,1973-09-02,19:31:43,cancelled,64315d86362c27c707fe1533,957,70,5,5,2
64316ada362c27c707fe21a4,1997-03-07,22:02:22,cancelled,64315d86362c27c707fe154f,524,42,9,1,6
64316ada362c27c707fe21a5,1986-05-10,00:59:05,completed,64315d86362c27c707fe152b,635,41,4,6,9
64316ada362c27c707fe21a6,1998-01-14,22:11:12,pending,64315d86362c27c707fe1567,367,39,3,7,9
64316ada362c27c707fe21a7,1985-08-15,04:54:31,pending,64315d86362c27c707fe1550,783,11,8,6,5
64316ada362c27c707fe21a8,2007-05-24,08:45:57,completed,64315d86362c27c707fe1539,566,21,10,1,9
64316ada362c27c707fe21a9,2009-11-29,15:39:54,cancelled,64315d86362c27c707fe1554,264,14,1,4,3
64316ada362c27c707fe21aa,1986-10-16,09:10:11,cancelled,64315d86362c27c707fe153d,386,65,9,1,1
64316ada362c27c707fe21ab,1971-12-19,12:28:44,pending,64315d86362c27c707fe1563,931,9,5,10,3
64316ada362c27c707fe21ac,2017-05-21,02:57:11,cancelled,64315d86362c27c707fe1529,278,51,6,4,8
64316ada362c27c707fe21ad,2004-04-02,07:37:38,completed,64315d86362c27c707fe1540,129,85,7,7,10
64316ada362c27c707fe21ae,1991-02-08,10:25:05,completed,64315d86362c27c707fe1553,790,15,2,8,1
64316ada362c27c707fe21af,2013-11-06,22:30:14,cancelled,64315d86362c27c707fe1538,297,47,5,7,3
64316ada362c27c707fe21b0,2019-02-23,20:10:04,completed,64315d86362c27c707fe1544,613,36,10,10,2
64316ada362c27c707fe21b1,1995-03-21,21:33:53,cancelled,64315d86362c27c707fe153c,713,85,4,3,9
64316ada362c27c707fe21b2,1970-01-29,07:34:20,cancelled,64315d86362c27c707fe1562,470,68,7,2,5
64316ada362c27c707fe21b3,1978-11-11,19:48:49,cancelled,64315d86362c27c707fe1552,823,37,6,10,2
64316ada362c27c707fe21b4,1975-02-14,20:59:38,pending,64315d86362c27c707fe152a,448,18,7,3,9
64316ada362c27c707fe21b5,1970-01-09,22:20:43,pending,64315d86362c27c707fe153a,196,43,6,1,3
64316ada362c27c707fe21b6,2010-12-11,17:41:48,completed,64315d86362c27c707fe152c,559,54,3,8,9
64316ada362c27c707fe21b7,1990-11-27,03:27:46,pending,64315d86362c27c707fe1565,451,45,10,9,2
64316ada362c27c707fe21b8,1970-09-01,01:26:07,pending,64315d86362c27c707fe154d,543,21,6,10,9
64316ada362c27c707fe21b9,1970-10-29,05:36:37,completed,64315d86362c27c707fe1545,556,79,4,7,4
64316ada362c27c707fe21ba,1980-05-10,20:29:32,completed,64315d86362c27c707fe1556,784,36,5,8,6
64316ada362c27c707fe21bb,2013-09-19,05:20:48,cancelled,64315d86362c27c707fe1562,143,39,9,10,2
64316ada362c27c707fe21bc,2007-02-26,17:18:21,completed,64315d86362c27c707fe1540,389,60,9,4,3
64316ada362c27c707fe21bd,2005-03-11,07:35:17,cancelled,64315d86362c27c707fe1555,416,13,6,2,9
64316ada362c27c707fe21be,2000-11-24,00:00:05,cancelled,64315d86362c27c707fe1540,898,46,6,5,4
64316ada362c27c707fe21bf,2002-12-27,16:33:27,cancelled,64315d86362c27c707fe155b,611,35,3,8,3
64316ada362c27c707fe21c0,2007-01-07,21:48:34,cancelled,64315d86362c27c707fe1530,715,45,4,7,8
64316ada362c27c707fe21c1,1970-01-22,18:41:36,cancelled,64315d86362c27c707fe154e,224,88,10,1,7
64316ada362c27c707fe21c2,1990-01-03,10:34:42,cancelled,64315d86362c27c707fe154f,733,8,10,8,5
64316ada362c27c707fe21c3,1998-08-29,12:23:45,cancelled,64315d86362c27c707fe1553,803,36,1,9,10
64316ada362c27c707fe21c4,2014-09-04,14:15:43,cancelled,64315d86362c27c707fe1547,409,51,9,1,1
64316ada362c27c707fe21c5,1984-08-01,08:03:53,completed,64315d86362c27c707fe1542,322,7,10,8,3
64316ada362c27c707fe21c6,2015-06-16,20:55:40,pending,64315d86362c27c707fe154b,584,97,7,3,1
64316ada362c27c707fe21c7,1977-03-02,23:29:45,completed,64315d86362c27c707fe155c,718,13,8,9,3
64316ada362c27c707fe21c8,2013-07-27,14:36:52,cancelled,64315d86362c27c707fe1555,839,23,5,5,3
64316ada362c27c707fe21c9,2016-04-26,22:04:19,completed,64315d86362c27c707fe152b,464,15,5,9,10
64316ada362c27c707fe21ca,2005-09-04,00:33:14,cancelled,64315d86362c27c707fe152e,316,83,9,4,6
64316ada362c27c707fe21cb,2018-04-11,16:21:41,pending,64315d86362c27c707fe152b,674,67,8,8,2
64316ada362c27c707fe21cc,1998-04-19,01:46:23,completed,64315d86362c27c707fe1542,829,5,5,7,3
64316ada362c27c707fe21cd,1991-04-08,23:27:26,pending,64315d86362c27c707fe1562,126,16,10,3,9
64316ada362c27c707fe21ce,2006-05-24,09:19:39,pending,64315d86362c27c707fe1548,788,7,4,4,9
64316ada362c27c707fe21cf,1981-06-21,06:14:52,pending,64315d86362c27c707fe154d,749,11,5,9,10
64316ada362c27c707fe21d0,2021-08-12,07:14:36,completed,64315d86362c27c707fe153d,924,61,1,7,8
64316ada362c27c707fe21d1,2005-12-06,11:27:19,cancelled,64315d86362c27c707fe153d,499,70,5,8,8
64316ada362c27c707fe21d2,1980-07-08,05:17:30,cancelled,64315d86362c27c707fe154d,318,17,3,7,5
64316ada362c27c707fe21d3,1982-12-01,16:07:25,cancelled,64315d86362c27c707fe153e,559,74,6,10,5
64316ada362c27c707fe21d4,1986-01-22,21:23:04,completed,64315d86362c27c707fe154b,970,84,2,10,1
64316ada362c27c707fe21d5,1982-09-11,05:14:46,completed,64315d86362c27c707fe154d,278,4,7,5,6
64316ada362c27c707fe21d6,1998-11-30,12:47:29,cancelled,64315d86362c27c707fe154c,678,84,5,10,5
64316ada362c27c707fe21d7,1986-11-03,00:14:26,cancelled,64315d86362c27c707fe1542,240,38,7,1,4
64316ada362c27c707fe21d8,1984-12-10,22:00:48,pending,64315d86362c27c707fe155e,823,34,8,3,6
64316ada362c27c707fe21d9,2016-07-18,10:04:43,pending,64315d86362c27c707fe1542,670,6,6,10,8
64316ada362c27c707fe21da,1973-04-03,16:53:52,completed,64315d86362c27c707fe1538,789,71,1,7,7
64316ada362c27c707fe21db,1974-04-27,12:21:15,completed,64315d86362c27c707fe1538,944,39,5,1,8
64316ada362c27c707fe21dc,1971-11-17,03:35:26,cancelled,64315d86362c27c707fe154c,362,59,5,8,6
64316ada362c27c707fe21dd,1982-02-08,09:26:24,completed,64315d86362c27c707fe153f,583,33,6,9,2
64316ada362c27c707fe21de,2010-12-24,15:43:35,completed,64315d86362c27c707fe1567,349,13,1,6,1
64316ada362c27c707fe21df,1981-07-17,21:39:45,completed,64315d86362c27c707fe1529,841,81,7,7,2
64316ada362c27c707fe21e0,2012-09-15,12:12:24,pending,64315d86362c27c707fe155d,723,23,4,5,10
64316ada362c27c707fe21e1,2021-11-30,13:31:38,pending,64315d86362c27c707fe1568,730,53,3,5,4
64316ada362c27c707fe21e2,1971-01-06,20:26:40,pending,64315d86362c27c707fe155c,859,62,6,6,6
64316ada362c27c707fe21e3,2005-12-01,21:43:14,pending,64315d86362c27c707fe1562,250,24,6,5,1
64316ada362c27c707fe21e4,2010-10-09,04:58:00,cancelled,64315d86362c27c707fe1544,651,8,6,5,3
64316ada362c27c707fe21e5,1978-03-07,03:05:10,pending,64315d86362c27c707fe152c,652,35,5,5,10
64316ada362c27c707fe21e6,2012-07-10,22:31:04,pending,64315d86362c27c707fe154e,961,96,1,1,1
64316ada362c27c707fe21e7,2018-04-18,13:40:19,completed,64315d86362c27c707fe1559,257,51,2,2,7
64316ada362c27c707fe21e8,2014-03-10,04:48:57,completed,64315d86362c27c707fe1535,687,28,3,10,8
64316ada362c27c707fe21e9,1989-02-28,18:27:24,pending,64315d86362c27c707fe1551,404,41,4,8,7
64316ada362c27c707fe21ea,2010-05-19,19:38:58,completed,64315d86362c27c707fe153f,963,100,7,6,1
64316ada362c27c707fe21eb,1971-04-12,16:43:00,cancelled,64315d86362c27c707fe1561,959,91,1,1,2
64316ada362c27c707fe21ec,1973-01-02,03:46:30,cancelled,64315d86362c27c707fe155e,928,54,9,5,5
64316ada362c27c707fe21ed,2013-09-02,05:32:51,pending,64315d86362c27c707fe1549,435,57,4,6,1
64316ada362c27c707fe21ee,2013-07-17,02:48:05,cancelled,64315d86362c27c707fe1564,579,75,2,8,10
64316ada362c27c707fe21ef,2008-05-12,11:44:09,completed,64315d86362c27c707fe155d,913,67,3,6,8
64316ada362c27c707fe21f0,1976-10-11,11:26:47,cancelled,64315d86362c27c707fe1566,373,61,4,6,7
64316ada362c27c707fe21f1,1987-04-23,01:09:23,completed,64315d86362c27c707fe155b,687,95,4,3,4
64316ada362c27c707fe21f2,2018-09-17,00:23:04,cancelled,64315d86362c27c707fe152e,558,3,3,1,6
64316ada362c27c707fe21f3,2001-06-30,18:37:20,cancelled,64315d86362c27c707fe1552,831,88,9,10,5
64316ada362c27c707fe21f4,1987-05-13,23:24:28,cancelled,64315d86362c27c707fe1565,131,32,9,4,3
64316ada362c27c707fe21f5,1980-12-22,12:39:08,cancelled,64315d86362c27c707fe1535,390,21,1,8,8
64316ada362c27c707fe21f6,2005-01-27,09:07:24,cancelled,64315d86362c27c707fe1555,907,69,5,6,9
64316ada362c27c707fe21f7,1990-05-29,11:41:39,cancelled,64315d86362c27c707fe1549,987,78,8,3,10
64316ada362c27c707fe21f8,2002-03-10,23:34:50,pending,64315d86362c27c707fe1560,576,20,7,1,5
64316ada362c27c707fe21f9,1996-08-18,14:30:05,completed,64315d86362c27c707fe155a,463,14,5,8,7
64316ada362c27c707fe21fa,2009-04-30,16:31:55,completed,64315d86362c27c707fe1552,817,95,9,8,6
64316ada362c27c707fe21fb,2010-04-12,18:38:27,completed,64315d86362c27c707fe155e,759,12,2,2,7
64316ada362c27c707fe21fc,1976-01-20,06:40:39,pending,64315d86362c27c707fe1537,533,92,6,2,9
64316ada362c27c707fe21fd,1984-08-22,17:02:59,cancelled,64315d86362c27c707fe153f,306,22,2,8,1
64316ada362c27c707fe21fe,1989-08-19,13:23:24,completed,64315d86362c27c707fe155a,951,70,7,3,1
64316ada362c27c707fe21ff,2019-12-09,11:25:00,completed,64315d86362c27c707fe155e,915,23,6,2,9
64316ada362c27c707fe2200,1980-06-04,02:01:50,cancelled,64315d86362c27c707fe1554,887,85,1,6,9
64316ada362c27c707fe2201,1996-10-16,06:07:27,pending,64315d86362c27c707fe152a,345,74,10,6,3
64316ada362c27c707fe2202,1991-09-08,15:54:39,completed,64315d86362c27c707fe1565,736,12,3,4,2
64316ada362c27c707fe2203,2020-12-21,22:25:43,completed,64315d86362c27c707fe1540,971,13,8,9,6
64316ada362c27c707fe2204,1981-04-11,18:27:39,cancelled,64315d86362c27c707fe1565,273,48,1,5,3
64316ada362c27c707fe2205,2023-04-05,00:56:38,cancelled,64315d86362c27c707fe1544,755,97,3,8,4
64316ada362c27c707fe2206,2017-10-06,01:09:29,cancelled,64315d86362c27c707fe1569,983,77,10,3,4
64316ada362c27c707fe2207,1997-06-22,01:22:07,completed,64315d86362c27c707fe1551,386,67,8,2,6
64316ada362c27c707fe2208,2001-12-18,19:16:34,pending,64315d86362c27c707fe1538,607,28,4,4,1
64316ada362c27c707fe2209,1987-02-19,08:59:09,completed,64315d86362c27c707fe152a,223,71,4,1,7
64316ada362c27c707fe220a,1993-10-17,10:01:23,pending,64315d86362c27c707fe1552,403,45,6,6,9
64316ada362c27c707fe220b,1983-06-11,15:39:23,completed,64315d86362c27c707fe154d,160,27,7,6,10
64316ada362c27c707fe220c,2009-09-29,12:33:57,completed,64315d86362c27c707fe1563,945,29,3,1,6
64316ada362c27c707fe220d,1976-06-11,18:28:25,pending,64315d86362c27c707fe1557,817,58,4,4,5
64316ada362c27c707fe220e,2002-10-28,12:11:06,pending,64315d86362c27c707fe154c,404,7,1,9,4
64316ada362c27c707fe220f,2007-08-29,23:30:20,pending,64315d86362c27c707fe1555,272,40,2,6,10
64316ada362c27c707fe2210,1990-10-17,15:13:49,pending,64315d86362c27c707fe1535,510,9,8,2,2
64316ada362c27c707fe2211,1974-10-14,12:16:44,completed,64315d86362c27c707fe1531,562,59,10,2,4
64316ada362c27c707fe2212,2015-03-26,07:43:43,pending,64315d86362c27c707fe155c,956,52,10,5,6
64316ada362c27c707fe2213,1992-12-14,07:46:04,pending,64315d86362c27c707fe1543,562,48,10,10,8
64316ada362c27c707fe2214,2013-05-22,11:21:20,completed,64315d86362c27c707fe1556,329,28,10,7,8
64316ada362c27c707fe2215,2016-04-27,18:07:55,pending,64315d86362c27c707fe154e,363,100,10,3,4
64316ada362c27c707fe2216,1994-03-14,23:27:45,pending,64315d86362c27c707fe1535,310,75,9,8,1
64316ada362c27c707fe2217,1972-09-11,01:59:03,pending,64315d86362c27c707fe155d,477,4,1,8,2
64316ada362c27c707fe2218,2021-11-14,13:15:32,completed,64315d86362c27c707fe154b,149,90,8,6,3
64316ada362c27c707fe2219,1974-11-25,15:31:05,cancelled,64315d86362c27c707fe153d,451,90,9,4,6
64316ada362c27c707fe221a,1979-01-25,22:20:38,cancelled,64315d86362c27c707fe153e,342,79,10,3,2
64316ada362c27c707fe221b,1987-06-20,07:49:56,pending,64315d86362c27c707fe1544,490,92,8,2,6
64316ada362c27c707fe221c,2015-03-25,04:13:29,pending,64315d86362c27c707fe1536,617,70,8,10,1
64316ada362c27c707fe221d,1999-05-02,22:06:59,cancelled,64315d86362c27c707fe1557,487,51,3,8,5
64316ada362c27c707fe221e,2002-11-23,09:48:23,cancelled,64315d86362c27c707fe155c,336,88,6,8,5
64316ada362c27c707fe221f,2021-02-01,22:32:21,pending,64315d86362c27c707fe1555,904,98,7,10,10
64316ada362c27c707fe2220,1996-09-14,08:15:41,pending,64315d86362c27c707fe154c,777,40,9,3,5
64316ada362c27c707fe2221,2008-09-17,23:51:26,pending,64315d86362c27c707fe1554,913,45,6,4,7
64316ada362c27c707fe2222,2010-02-17,01:14:41,completed,64315d86362c27c707fe1533,172,55,7,2,8
64316ada362c27c707fe2223,1993-04-08,13:32:41,completed,64315d86362c27c707fe1554,603,52,8,5,1
64316ada362c27c707fe2224,1990-08-27,13:54:04,pending,64315d86362c27c707fe1530,503,25,2,10,7
64316ada362c27c707fe2225,2018-08-09,02:26:11,completed,64315d86362c27c707fe154e,126,53,6,4,7
64316ada362c27c707fe2226,1978-01-17,18:19:08,pending,64315d86362c27c707fe1533,337,49,4,9,7
64316ada362c27c707fe2227,1993-08-01,01:27:26,cancelled,64315d86362c27c707fe1550,653,46,5,6,5
64316ada362c27c707fe2228,1980-08-04,23:39:34,completed,64315d86362c27c707fe153f,440,75,1,9,8
64316ada362c27c707fe2229,1994-06-26,14:54:25,completed,64315d86362c27c707fe1563,765,5,5,6,2
64316ada362c27c707fe222a,1981-06-11,07:29:43,completed,64315d86362c27c707fe1545,428,61,7,4,2
64316ada362c27c707fe222b,1982-10-21,06:15:16,pending,64315d86362c27c707fe1568,962,59,8,10,1
64316ada362c27c707fe222c,2014-07-03,21:57:15,cancelled,64315d86362c27c707fe1564,404,40,7,3,6
64316ada362c27c707fe222d,2014-04-17,14:19:48,cancelled,64315d86362c27c707fe1553,142,58,9,1,1
64316ada362c27c707fe222e,2009-06-16,15:18:37,cancelled,64315d86362c27c707fe1562,583,42,2,7,7
64316ada362c27c707fe222f,2010-04-09,06:58:43,completed,64315d86362c27c707fe1533,804,77,1,8,5
64316ada362c27c707fe2230,1996-06-25,03:33:06,completed,64315d86362c27c707fe1565,229,15,7,5,7
64316ada362c27c707fe2231,2020-11-03,18:40:36,completed,64315d86362c27c707fe1552,431,16,6,4,5
64316ada362c27c707fe2232,1991-12-03,19:22:42,completed,64315d86362c27c707fe1548,354,22,4,4,2
64316ada362c27c707fe2233,1970-07-03,15:12:52,completed,64315d86362c27c707fe153f,233,9,1,8,10
64316ada362c27c707fe2234,2010-11-19,14:47:30,pending,64315d86362c27c707fe153b,270,6,10,2,8
64316ada362c27c707fe2235,1970-04-25,03:54:56,cancelled,64315d86362c27c707fe154e,836,76,4,5,8
64316ada362c27c707fe2236,2010-07-28,23:01:42,completed,64315d86362c27c707fe1540,234,98,8,1,8
64316ada362c27c707fe2237,1993-01-04,03:10:26,completed,64315d86362c27c707fe1541,822,58,4,7,5
64316ada362c27c707fe2238,2019-06-03,00:39:26,completed,64315d86362c27c707fe1545,764,12,9,6,2
64316ada362c27c707fe2239,1975-04-09,03:33:14,pending,64315d86362c27c707fe154d,424,25,8,1,2
64316ada362c27c707fe223a,2006-02-17,12:33:38,completed,64315d86362c27c707fe1544,500,92,10,10,7
64316ada362c27c707fe223b,2020-03-22,14:07:52,pending,64315d86362c27c707fe1566,703,58,4,3,10
64316ada362c27c707fe223c,1991-12-14,10:25:21,cancelled,64315d86362c27c707fe154e,349,58,4,4,7
64316ada362c27c707fe223d,1971-04-29,03:35:36,cancelled,64315d86362c27c707fe1533,249,44,4,8,6
64316ada362c27c707fe223e,1995-08-05,20:39:18,cancelled,64315d86362c27c707fe1568,549,60,4,6,8
64316ada362c27c707fe223f,1972-01-28,22:03:11,cancelled,64315d86362c27c707fe154b,523,30,6,9,8
64316ada362c27c707fe2240,2000-09-18,20:13:34,cancelled,64315d86362c27c707fe1548,807,72,6,7,8
64316ada362c27c707fe2241,1981-01-01,19:56:13,pending,64315d86362c27c707fe1556,998,99,3,5,8
64316ada362c27c707fe2242,2019-12-23,21:51:20,completed,64315d86362c27c707fe155a,853,45,8,4,1
64316ada362c27c707fe2243,1987-04-26,09:50:00,cancelled,64315d86362c27c707fe1568,216,36,2,10,2
64316ada362c27c707fe2244,1979-08-23,05:04:11,cancelled,64315d86362c27c707fe1555,815,16,7,10,10
64316ada362c27c707fe2245,1978-12-08,07:06:58,completed,64315d86362c27c707fe1548,729,66,4,5,3
64316ada362c27c707fe2246,1981-01-26,09:28:36,completed,64315d86362c27c707fe154f,434,71,4,3,9
64316ada362c27c707fe2247,1996-11-13,22:33:34,pending,64315d86362c27c707fe1545,798,76,1,5,8
64316ada362c27c707fe2248,1988-02-09,04:04:28,pending,64315d86362c27c707fe154f,708,94,5,9,6
64316ada362c27c707fe2249,1984-07-06,23:34:51,cancelled,64315d86362c27c707fe155f,672,30,7,9,1
64316ada362c27c707fe224a,1972-01-01,17:00:20,cancelled,64315d86362c27c707fe1532,964,85,7,10,4
64316ada362c27c707fe224b,1983-05-11,11:22:54,cancelled,64315d86362c27c707fe1549,319,65,4,10,3
64316ada362c27c707fe224c,1975-04-03,15:06:29,cancelled,64315d86362c27c707fe1554,325,12,1,5,1
64316ada362c27c707fe224d,2009-01-13,01:51:09,completed,64315d86362c27c707fe1550,349,4,2,5,7
64316ada362c27c707fe224e,2016-06-05,18:26:47,completed,64315d86362c27c707fe1529,951,34,3,1,5
64316ada362c27c707fe224f,2012-06-09,17:48:07,cancelled,64315d86362c27c707fe153e,265,61,4,7,6
64316ada362c27c707fe2250,2004-09-06,04:19:56,completed,64315d86362c27c707fe1557,728,71,10,9,7
64316ada362c27c707fe2251,1971-12-02,23:33:55,completed,64315d86362c27c707fe1543,259,4,2,4,7
64316ada362c27c707fe2252,1995-03-24,12:15:17,cancelled,64315d86362c27c707fe1565,559,93,7,9,6
64316ada362c27c707fe2253,2005-08-28,20:40:09,cancelled,64315d86362c27c707fe1560,532,97,4,7,2
64316ada362c27c707fe2254,1996-01-04,01:35:03,cancelled,64315d86362c27c707fe1542,146,26,5,1,8
64316ada362c27c707fe2255,2006-08-12,00:34:58,completed,64315d86362c27c707fe1557,601,33,5,10,9
64316ada362c27c707fe2256,2002-09-11,10:43:58,completed,64315d86362c27c707fe1537,998,56,5,10,8
64316ada362c27c707fe2257,2016-05-24,15:16:56,completed,64315d86362c27c707fe1560,503,54,7,4,10
64316ada362c27c707fe2258,2004-01-30,04:56:30,completed,64315d86362c27c707fe1530,827,57,7,8,1
64316ada362c27c707fe2259,1974-06-13,03:12:00,completed,64315d86362c27c707fe1562,585,25,8,9,1
64316ada362c27c707fe225a,1982-03-07,20:51:55,pending,64315d86362c27c707fe1565,653,42,10,9,4
64316ada362c27c707fe225b,2003-01-08,05:03:08,completed,64315d86362c27c707fe155b,215,91,9,2,2
64316ada362c27c707fe225c,1981-06-22,13:33:04,cancelled,64315d86362c27c707fe1534,543,25,7,7,6
64316ada362c27c707fe225d,1975-09-10,20:31:15,cancelled,64315d86362c27c707fe152e,949,3,7,5,4
64316ada362c27c707fe225e,2014-04-22,00:57:11,completed,64315d86362c27c707fe1560,983,100,7,5,2
64316ada362c27c707fe225f,2014-07-11,17:18:12,pending,64315d86362c27c707fe1559,945,67,5,9,6
64316ada362c27c707fe2260,1986-08-02,13:11:51,completed,64315d86362c27c707fe1569,605,6,3,8,7
64316ada362c27c707fe2261,1999-10-14,16:47:58,completed,64315d86362c27c707fe155a,868,70,6,7,6
64316ada362c27c707fe2262,2000-11-12,08:26:14,cancelled,64315d86362c27c707fe154a,291,92,2,4,10
64316ada362c27c707fe2263,2004-10-22,22:40:13,completed,64315d86362c27c707fe154c,407,59,4,5,1
64316ada362c27c707fe2264,1974-02-20,19:55:58,pending,64315d86362c27c707fe1543,489,97,7,6,6
64316ada362c27c707fe2265,1972-04-18,03:27:34,pending,64315d86362c27c707fe1537,572,14,9,2,4
64316ada362c27c707fe2266,2012-10-04,07:55:11,cancelled,64315d86362c27c707fe152a,613,31,5,1,3
64316ada362c27c707fe2267,1988-10-07,20:46:53,pending,64315d86362c27c707fe1569,267,91,8,3,6
64316ada362c27c707fe2268,1986-05-02,12:16:15,cancelled,64315d86362c27c707fe1545,316,82,7,9,5
64316ada362c27c707fe2269,2008-03-30,14:32:57,pending,64315d86362c27c707fe1560,434,45,7,1,5
64316ada362c27c707fe226a,1993-11-24,16:31:29,cancelled,64315d86362c27c707fe1561,313,83,5,1,2
64316ada362c27c707fe226b,1976-04-04,13:57:16,cancelled,64315d86362c27c707fe1569,927,26,8,4,2
64316ada362c27c707fe226c,1973-03-13,18:53:18,pending,64315d86362c27c707fe1540,633,28,9,8,8
64316ada362c27c707fe226d,2000-11-03,05:35:39,completed,64315d86362c27c707fe1539,181,2,3,3,10
64316ada362c27c707fe226e,2003-04-26,18:58:12,pending,64315d86362c27c707fe1539,324,13,7,7,2
64316ada362c27c707fe226f,2015-09-22,18:28:29,cancelled,64315d86362c27c707fe1546,319,54,1,8,10
64316ada362c27c707fe2270,2015-10-31,17:19:09,pending,64315d86362c27c707fe1542,471,72,4,4,5
64316ada362c27c707fe2271,2010-06-07,07:05:41,completed,64315d86362c27c707fe1537,123,39,2,6,8
64316ada362c27c707fe2272,2020-09-05,02:51:50,cancelled,64315d86362c27c707fe1534,776,17,6,10,5
64316ada362c27c707fe2273,1996-07-19,10:40:00,completed,64315d86362c27c707fe152d,797,51,10,8,5
64316ada362c27c707fe2274,2014-11-08,00:07:50,pending,64315d86362c27c707fe1532,311,65,5,4,2
64316ada362c27c707fe2275,2022-06-24,19:51:09,pending,64315d86362c27c707fe152e,856,99,8,1,2
64316ada362c27c707fe2276,1987-06-29,22:41:10,completed,64315d86362c27c707fe1543,118,71,4,1,5
64316ada362c27c707fe2277,2011-09-26,17:41:22,pending,64315d86362c27c707fe1563,931,88,1,7,7
64316ada362c27c707fe2278,2020-06-22,07:06:25,completed,64315d86362c27c707fe155d,250,18,3,5,7
64316ada362c27c707fe2279,2010-02-09,18:33:20,completed,64315d86362c27c707fe152d,748,5,5,4,8
64316ada362c27c707fe227a,2011-08-08,13:09:05,cancelled,64315d86362c27c707fe152a,870,36,8,10,3
64316ada362c27c707fe227b,1985-07-19,15:07:42,cancelled,64315d86362c27c707fe154f,265,28,8,10,3
64316ada362c27c707fe227c,1978-10-08,23:59:41,completed,64315d86362c27c707fe1529,915,9,5,10,4
64316ada362c27c707fe227d,1994-06-13,09:16:41,completed,64315d86362c27c707fe155d,939,7,9,6,5
64316ada362c27c707fe227e,1990-01-25,01:09:49,cancelled,64315d86362c27c707fe154c,725,61,6,3,2
64316ada362c27c707fe227f,2020-01-08,08:52:27,cancelled,64315d86362c27c707fe155e,615,70,2,3,10
64316ada362c27c707fe2280,1973-01-02,21:41:44,pending,64315d86362c27c707fe155b,510,22,7,9,7
64316ada362c27c707fe2281,1996-01-27,19:34:42,cancelled,64315d86362c27c707fe152e,972,73,4,5,3
64316ada362c27c707fe2282,1988-04-10,14:38:32,completed,64315d86362c27c707fe1533,551,58,7,10,5
64316ada362c27c707fe2283,2016-03-08,01:36:24,cancelled,64315d86362c27c707fe1537,226,1,4,1,1
64316ada362c27c707fe2284,1980-01-21,23:10:19,cancelled,64315d86362c27c707fe1565,188,73,7,10,6
64316ada362c27c707fe2285,2016-06-13,01:07:44,cancelled,64315d86362c27c707fe1565,767,92,9,1,10
64316ada362c27c707fe2286,1991-12-11,03:52:35,cancelled,64315d86362c27c707fe1537,218,76,3,4,8
64316ada362c27c707fe2287,2023-02-08,03:09:53,cancelled,64315d86362c27c707fe153e,704,54,3,3,1
64316ada362c27c707fe2288,1976-02-04,10:51:36,completed,64315d86362c27c707fe153c,543,47,9,7,3
64316ada362c27c707fe2289,2020-03-20,10:56:42,pending,64315d86362c27c707fe153a,825,6,2,8,5
64316ada362c27c707fe228a,2015-12-19,00:20:28,cancelled,64315d86362c27c707fe153f,285,100,8,10,7
64316ada362c27c707fe228b,1993-06-11,23:34:09,cancelled,64315d86362c27c707fe1532,747,76,6,3,10
64316ada362c27c707fe228c,2007-02-02,23:06:52,cancelled,64315d86362c27c707fe1565,938,9,7,1,5
64316ada362c27c707fe228d,1985-10-18,08:20:24,cancelled,64315d86362c27c707fe153e,452,10,8,1,1
64316ada362c27c707fe228e,2018-09-05,11:29:44,completed,64315d86362c27c707fe154e,493,14,3,1,3
64316ada362c27c707fe228f,1970-09-25,03:13:15,completed,64315d86362c27c707fe1536,193,94,3,8,5
64316ada362c27c707fe2290,1994-09-03,01:33:30,cancelled,64315d86362c27c707fe1558,399,46,4,3,6
64316ada362c27c707fe2291,1979-06-29,04:49:23,cancelled,64315d86362c27c707fe1556,525,45,9,5,9
64316ada362c27c707fe2292,1993-07-03,07:36:33,pending,64315d86362c27c707fe154c,932,35,1,7,10
64316ada362c27c707fe2293,1973-06-04,03:40:45,pending,64315d86362c27c707fe155a,695,0,10,9,6
64316ada362c27c707fe2294,1984-10-19,08:35:08,cancelled,64315d86362c27c707fe152f,201,18,2,5,10
64316ada362c27c707fe2295,2007-03-08,19:10:19,cancelled,64315d86362c27c707fe1549,312,62,4,3,4
64316ada362c27c707fe2296,2010-08-11,15:17:33,completed,64315d86362c27c707fe1563,555,100,6,4,5
64316ada362c27c707fe2297,1981-02-26,07:49:10,completed,64315d86362c27c707fe1554,196,39,8,6,9
64316ada362c27c707fe2298,2012-08-04,07:17:05,pending,64315d86362c27c707fe1544,188,30,2,7,9
64316ada362c27c707fe2299,2014-05-21,21:53:43,pending,64315d86362c27c707fe1551,918,14,6,3,1
64316ada362c27c707fe229a,1971-12-02,09:23:11,completed,64315d86362c27c707fe154e,723,33,3,5,6
64316ada362c27c707fe229b,1997-01-17,01:48:04,cancelled,64315d86362c27c707fe1560,615,66,7,4,8
64316ada362c27c707fe229c,2003-03-08,14:32:05,pending,64315d86362c27c707fe152d,283,23,4,1,10
64316ada362c27c707fe229d,1995-12-27,01:23:05,cancelled,64315d86362c27c707fe155b,769,26,7,4,8
64316ada362c27c707fe229e,2022-03-29,05:46:08,cancelled,64315d86362c27c707fe1532,550,81,9,2,9
64316ada362c27c707fe229f,1989-05-23,11:13:15,completed,64315d86362c27c707fe153f,127,89,1,9,10
64316ada362c27c707fe22a0,1994-04-15,11:25:12,pending,64315d86362c27c707fe153b,362,7,6,10,1
64316ada362c27c707fe22a1,1985-07-28,00:49:33,cancelled,64315d86362c27c707fe1567,701,31,2,2,3
64316ada362c27c707fe22a2,1989-01-20,03:55:02,completed,64315d86362c27c707fe1550,438,80,7,2,2
64316ada362c27c707fe22a3,1985-09-01,12:55:01,pending,64315d86362c27c707fe1542,277,94,8,2,7
64316ada362c27c707fe22a4,2020-01-13,22:11:10,cancelled,64315d86362c27c707fe1565,144,38,2,9,1
64316ada362c27c707fe22a5,1971-05-11,19:31:50,cancelled,64315d86362c27c707fe154e,130,4,7,7,6
64316ada362c27c707fe22a6,1971-08-24,20:02:30,cancelled,64315d86362c27c707fe1541,188,53,6,7,2
64316ada362c27c707fe22a7,1978-10-08,14:45:24,completed,64315d86362c27c707fe1542,630,39,6,6,4
64316ada362c27c707fe22a8,1998-04-10,20:39:57,cancelled,64315d86362c27c707fe1529,486,62,5,3,10
64316ada362c27c707fe22a9,1999-05-01,10:15:21,pending,64315d86362c27c707fe1567,878,62,4,3,3
64316ada362c27c707fe22aa,2006-05-19,10:27:20,pending,64315d86362c27c707fe1545,358,29,8,4,8
64316ada362c27c707fe22ab,1979-01-07,19:14:23,completed,64315d86362c27c707fe152d,970,33,4,5,7
64316ada362c27c707fe22ac,1993-04-05,00:02:19,cancelled,64315d86362c27c707fe1561,292,17,3,4,8
64316ada362c27c707fe22ad,1976-01-26,12:00:14,pending,64315d86362c27c707fe152b,107,61,5,8,3
64316ada362c27c707fe22ae,2020-12-16,05:06:26,completed,64315d86362c27c707fe1544,1000,7,4,9,9
64316ada362c27c707fe22af,1972-06-27,13:32:28,pending,64315d86362c27c707fe154a,394,39,9,6,7
64316ada362c27c707fe22b0,1996-07-22,05:11:43,completed,64315d86362c27c707fe1541,592,92,4,1,9
64316ada362c27c707fe22b1,1985-11-20,15:40:17,completed,64315d86362c27c707fe154e,786,38,3,3,7
64316ada362c27c707fe22b2,1983-12-05,01:20:51,cancelled,64315d86362c27c707fe153b,241,9,3,10,6
64316ada362c27c707fe22b3,1997-12-03,00:47:12,pending,64315d86362c27c707fe1531,385,50,10,7,7
64316ada362c27c707fe22b4,1970-02-14,22:56:34,pending,64315d86362c27c707fe1539,245,48,5,6,9
64316ada362c27c707fe22b5,2022-10-24,11:27:24,completed,64315d86362c27c707fe1536,453,37,1,5,6
64316ada362c27c707fe22b6,2013-01-09,03:27:01,completed,64315d86362c27c707fe1550,523,29,9,4,2
64316ada362c27c707fe22b7,2018-07-06,12:54:09,completed,64315d86362c27c707fe1544,692,37,10,2,3
64316ada362c27c707fe22b8,1981-11-22,11:14:16,pending,64315d86362c27c707fe1561,612,58,3,2,2
64316ada362c27c707fe22b9,1984-06-18,04:36:28,pending,64315d86362c27c707fe1541,813,11,9,2,5
64316ada362c27c707fe22ba,2008-12-15,02:24:05,completed,64315d86362c27c707fe153e,595,39,7,8,9
64316ada362c27c707fe22bb,1986-08-21,23:51:24,completed,64315d86362c27c707fe1558,359,32,2,10,4
64316ada362c27c707fe22bc,1975-02-08,07:02:43,cancelled,64315d86362c27c707fe153a,660,14,4,3,5
64316ada362c27c707fe22bd,1994-05-04,23:10:36,pending,64315d86362c27c707fe154e,175,4,2,10,9
64316ada362c27c707fe22be,1993-05-05,18:17:13,completed,64315d86362c27c707fe1556,524,96,5,1,5
64316ada362c27c707fe22bf,1985-07-13,03:34:59,cancelled,64315d86362c27c707fe1558,875,39,1,9,10
64316ada362c27c707fe22c0,1998-06-12,05:22:40,completed,64315d86362c27c707fe1557,971,47,7,9,9
64316ada362c27c707fe22c1,1985-09-05,08:40:57,cancelled,64315d86362c27c707fe1553,648,93,3,9,6
64316ada362c27c707fe22c2,1994-11-05,05:42:16,completed,64315d86362c27c707fe1530,777,15,10,7,4
64316ada362c27c707fe22c3,1974-04-12,12:21:54,cancelled,64315d86362c27c707fe1532,131,63,10,7,10
64316ada362c27c707fe22c4,1986-04-20,09:29:13,cancelled,64315d86362c27c707fe153b,707,43,5,8,9
64316ada362c27c707fe22c5,2005-02-19,01:01:38,pending,64315d86362c27c707fe154a,124,87,4,8,1
64316ada362c27c707fe22c6,2000-10-31,21:47:42,completed,64315d86362c27c707fe1557,519,36,6,10,5
64316ada362c27c707fe22c7,1996-11-20,09:52:13,completed,64315d86362c27c707fe153f,574,15,8,1,8
64316ada362c27c707fe22c8,1972-06-15,05:21:57,cancelled,64315d86362c27c707fe1565,770,91,6,4,2
64316ada362c27c707fe22c9,1972-07-15,14:21:42,cancelled,64315d86362c27c707fe155f,113,13,9,5,4
64316ada362c27c707fe22ca,2011-12-05,02:29:35,pending,64315d86362c27c707fe155e,888,3,3,6,1
64316ada362c27c707fe22cb,1975-12-07,09:43:13,completed,64315d86362c27c707fe154f,354,2,10,3,7
64316ada362c27c707fe22cc,2019-08-30,08:01:21,completed,64315d86362c27c707fe155b,790,99,9,1,7
64316ada362c27c707fe22cd,2016-05-24,14:16:25,completed,64315d86362c27c707fe153e,947,11,4,3,2
64316ada362c27c707fe22ce,1992-04-04,17:05:07,pending,64315d86362c27c707fe1551,476,30,5,3,5
64316ada362c27c707fe22cf,1971-10-09,02:34:12,pending,64315d86362c27c707fe153b,170,61,8,1,4
64316ada362c27c707fe22d0,1997-08-29,18:47:29,completed,64315d86362c27c707fe1566,950,95,3,5,4
64316ada362c27c707fe22d1,1994-06-02,06:56:37,pending,64315d86362c27c707fe153b,583,55,6,7,10
64316ada362c27c707fe22d2,1992-06-24,03:21:38,cancelled,64315d86362c27c707fe153c,389,6,1,1,9
64316ada362c27c707fe22d3,2003-02-16,06:03:41,pending,64315d86362c27c707fe1560,468,75,4,1,3
64316ada362c27c707fe22d4,1984-03-21,20:32:41,pending,64315d86362c27c707fe1548,597,84,5,4,7
64316ada362c27c707fe22d5,1991-12-09,17:27:49,pending,64315d86362c27c707fe1554,570,63,9,7,5
64316ada362c27c707fe22d6,2003-12-04,13:40:10,pending,64315d86362c27c707fe1559,487,80,6,9,3
64316ada362c27c707fe22d7,1998-10-31,23:10:12,pending,64315d86362c27c707fe1533,346,43,6,9,1
64316ada362c27c707fe22d8,2001-01-10,08:18:52,pending,64315d86362c27c707fe154b,246,74,10,6,4
64316ada362c27c707fe22d9,2019-10-05,05:02:17,completed,64315d86362c27c707fe1564,201,23,5,2,1
64316ada362c27c707fe22da,1980-11-05,14:50:06,completed,64315d86362c27c707fe1556,741,100,2,9,7
64316ada362c27c707fe22db,1991-06-09,00:05:34,pending,64315d86362c27c707fe1557,191,15,1,8,5
64316ada362c27c707fe22dc,2010-11-21,07:46:25,cancelled,64315d86362c27c707fe152a,368,90,8,7,8
64316ada362c27c707fe22dd,1978-05-19,20:47:59,pending,64315d86362c27c707fe1551,122,90,7,6,7
64316ada362c27c707fe22de,2005-11-11,19:45:06,pending,64315d86362c27c707fe1563,703,43,1,9,8
64316ada362c27c707fe22df,2017-01-30,00:54:56,cancelled,64315d86362c27c707fe152a,625,91,5,8,9
64316ada362c27c707fe22e0,2018-12-21,13:05:47,completed,64315d86362c27c707fe1569,224,47,2,7,10
64316ada362c27c707fe22e1,2017-09-30,17:40:24,cancelled,64315d86362c27c707fe154a,103,94,1,1,10
64316ada362c27c707fe22e2,1978-04-19,04:34:52,pending,64315d86362c27c707fe1535,439,66,3,4,7
64316ada362c27c707fe22e3,1977-01-22,15:17:46,cancelled,64315d86362c27c707fe154e,615,34,6,2,2
64316ada362c27c707fe22e4,1991-05-23,02:09:23,pending,64315d86362c27c707fe1539,284,83,9,3,5
64316ada362c27c707fe22e5,1989-09-03,04:51:33,cancelled,64315d86362c27c707fe1545,454,74,4,3,6
64316ada362c27c707fe22e6,2000-12-18,21:08:05,pending,64315d86362c27c707fe155a,641,99,2,2,5
64316ada362c27c707fe22e7,1999-09-29,02:36:59,cancelled,64315d86362c27c707fe1553,490,97,8,7,10
64316ada362c27c707fe22e8,1982-01-11,21:20:13,completed,64315d86362c27c707fe1552,359,63,9,10,6
64316ada362c27c707fe22e9,1990-07-27,02:50:58,completed,64315d86362c27c707fe152c,804,79,3,9,5
64316ada362c27c707fe22ea,1996-03-11,07:25:45,cancelled,64315d86362c27c707fe152d,957,74,10,1,7
64316ada362c27c707fe22eb,1971-12-30,06:48:32,cancelled,64315d86362c27c707fe1546,342,84,8,1,2
64316ada362c27c707fe22ec,2000-04-27,19:56:45,pending,64315d86362c27c707fe154d,852,89,2,9,7
64316ada362c27c707fe22ed,1984-02-02,18:45:27,pending,64315d86362c27c707fe1533,253,15,7,1,1
64316ada362c27c707fe22ee,1985-04-16,20:23:21,cancelled,64315d86362c27c707fe153c,330,35,3,5,7
64316ada362c27c707fe22ef,2017-08-07,06:13:00,cancelled,64315d86362c27c707fe1568,746,3,10,2,4
64316ada362c27c707fe22f0,1980-04-10,22:13:35,completed,64315d86362c27c707fe1555,909,7,2,7,2
64316ada362c27c707fe22f1,1999-07-11,20:06:01,cancelled,64315d86362c27c707fe154c,879,50,3,3,8
64316ada362c27c707fe22f2,1993-01-14,16:21:49,cancelled,64315d86362c27c707fe1564,939,90,8,5,7
64316ada362c27c707fe22f3,1990-10-26,23:44:51,cancelled,64315d86362c27c707fe1551,431,75,6,9,6
64316ada362c27c707fe22f4,2022-08-08,20:33:14,cancelled,64315d86362c27c707fe154c,615,73,6,3,5
64316ada362c27c707fe22f5,1983-02-24,05:13:29,cancelled,64315d86362c27c707fe1567,539,30,6,3,1
64316ada362c27c707fe22f6,2005-05-09,04:38:00,pending,64315d86362c27c707fe153f,694,80,9,4,1
64316ada362c27c707fe22f7,1976-03-14,01:06:12,pending,64315d86362c27c707fe1559,413,30,7,1,10
64316ada362c27c707fe22f8,1973-11-21,17:22:16,pending,64315d86362c27c707fe153e,826,1,7,8,5
64316ada362c27c707fe22f9,2013-11-15,09:59:20,cancelled,64315d86362c27c707fe1561,640,93,1,6,2
64316ada362c27c707fe22fa,1971-09-26,22:21:59,completed,64315d86362c27c707fe1565,612,46,1,8,6
64316ada362c27c707fe22fb,2006-08-06,22:29:06,cancelled,64315d86362c27c707fe1556,295,92,9,9,1
64316ada362c27c707fe22fc,1970-08-04,14:02:41,completed,64315d86362c27c707fe1529,691,69,2,2,2
64316ada362c27c707fe22fd,2009-11-08,13:51:01,cancelled,64315d86362c27c707fe1548,308,83,7,5,6
64316ada362c27c707fe22fe,2001-04-25,14:04:07,cancelled,64315d86362c27c707fe154f,493,98,9,10,9
64316ada362c27c707fe22ff,1992-05-31,02:27:05,cancelled,64315d86362c27c707fe1565,135,0,3,3,9
64316ada362c27c707fe2300,2017-07-11,14:49:03,pending,64315d86362c27c707fe1565,691,45,7,2,3
64316ada362c27c707fe2301,2019-03-20,22:54:14,completed,64315d86362c27c707fe1562,289,70,2,5,1
64316ada362c27c707fe2302,2004-11-09,01:34:34,cancelled,64315d86362c27c707fe1559,403,79,3,6,1
64316ada362c27c707fe2303,1990-02-12,18:53:16,cancelled,64315d86362c27c707fe1558,559,59,10,7,4
64316ada362c27c707fe2304,2011-07-14,14:49:04,completed,64315d86362c27c707fe1547,774,82,3,3,10
64316ada362c27c707fe2305,1996-02-26,04:21:15,completed,64315d86362c27c707fe1562,547,8,10,2,7
64316ada362c27c707fe2306,2012-05-14,17:56:22,pending,64315d86362c27c707fe152d,543,13,10,5,1
64316ada362c27c707fe2307,1970-08-05,11:32:46,cancelled,64315d86362c27c707fe1564,493,44,1,1,2
64316ada362c27c707fe2308,1980-02-08,12:23:09,cancelled,64315d86362c27c707fe153a,725,33,5,9,6
64316ada362c27c707fe2309,1975-05-26,18:09:04,pending,64315d86362c27c707fe1558,732,23,2,1,6
64316ada362c27c707fe230a,2008-02-18,17:27:32,cancelled,64315d86362c27c707fe1538,123,57,2,9,9
64316ada362c27c707fe230b,2006-11-24,19:20:43,cancelled,64315d86362c27c707fe153a,703,21,10,6,3
64316ada362c27c707fe230c,1991-04-22,00:22:00,completed,64315d86362c27c707fe1530,570,43,10,5,3
64316ada362c27c707fe230d,1975-02-25,11:16:42,completed,64315d86362c27c707fe153f,389,91,5,2,6
64316ada362c27c707fe230e,1999-01-26,05:17:34,pending,64315d86362c27c707fe1567,779,44,2,9,8
64316ada362c27c707fe230f,1976-10-25,03:29:16,cancelled,64315d86362c27c707fe1546,830,57,3,2,2
64316ada362c27c707fe2310,1999-03-30,09:25:44,completed,64315d86362c27c707fe155e,306,34,3,2,10
64316ada362c27c707fe2311,1975-01-09,12:29:10,completed,64315d86362c27c707fe1544,494,24,1,1,4
64316ada362c27c707fe2312,2017-07-16,14:51:28,pending,64315d86362c27c707fe1551,734,41,5,9,1
64316ada362c27c707fe2313,1980-12-01,21:36:49,completed,64315d86362c27c707fe1547,501,41,9,2,3
64316ada362c27c707fe2314,2002-07-23,10:55:03,completed,64315d86362c27c707fe153d,118,44,1,9,3
64316ada362c27c707fe2315,1985-05-09,11:38:01,pending,64315d86362c27c707fe1534,119,5,6,8,10
64316ada362c27c707fe2316,1982-02-21,17:15:34,completed,64315d86362c27c707fe152f,893,31,3,2,1
64316ada362c27c707fe2317,2001-12-04,13:40:41,cancelled,64315d86362c27c707fe153a,168,53,7,4,3
64316ada362c27c707fe2318,1984-03-28,03:10:36,completed,64315d86362c27c707fe1559,878,90,6,2,10
64316ada362c27c707fe2319,2003-04-29,04:10:38,cancelled,64315d86362c27c707fe1564,966,75,5,4,8
64316ada362c27c707fe231a,2001-09-24,01:48:05,cancelled,64315d86362c27c707fe152f,235,21,4,8,4
64316ada362c27c707fe231b,2019-12-17,10:38:12,pending,64315d86362c27c707fe1532,277,97,6,1,8
64316ada362c27c707fe231c,1999-05-10,23:00:11,pending,64315d86362c27c707fe1542,353,47,4,5,1
64316ada362c27c707fe231d,2010-08-10,10:24:06,cancelled,64315d86362c27c707fe152f,921,9,7,3,8
64316ada362c27c707fe231e,1978-10-24,06:09:41,cancelled,64315d86362c27c707fe1554,442,76,6,4,5
64316ada362c27c707fe231f,1987-09-17,16:36:12,cancelled,64315d86362c27c707fe1563,144,22,2,7,8
64316ada362c27c707fe2320,2006-03-07,07:56:36,completed,64315d86362c27c707fe1529,256,60,6,7,9
64316ada362c27c707fe2321,1990-08-21,07:47:41,cancelled,64315d86362c27c707fe1561,350,8,5,2,4
64316ada362c27c707fe2322,2010-02-28,00:02:56,completed,64315d86362c27c707fe153f,819,63,6,8,9
64316ada362c27c707fe2323,1987-12-05,11:09:14,completed,64315d86362c27c707fe1551,376,42,4,2,5
64316ada362c27c707fe2324,2015-05-12,04:29:57,cancelled,64315d86362c27c707fe1568,531,99,5,4,10
64316ada362c27c707fe2325,1970-03-22,13:05:50,pending,64315d86362c27c707fe1548,961,62,2,8,6
64316ada362c27c707fe2326,2020-03-07,04:53:08,pending,64315d86362c27c707fe1557,347,28,9,9,8
64316ada362c27c707fe2327,1994-12-05,01:19:53,cancelled,64315d86362c27c707fe1568,661,68,9,4,3
64316ada362c27c707fe2328,1971-09-09,11:16:16,cancelled,64315d86362c27c707fe1545,795,66,2,4,1
64316ada362c27c707fe2329,2021-11-27,17:25:38,cancelled,64315d86362c27c707fe1553,208,1,3,8,5
64316ada362c27c707fe232a,1972-12-11,07:22:46,cancelled,64315d86362c27c707fe1531,225,80,6,8,2
64316ada362c27c707fe232b,1999-04-20,15:19:04,pending,64315d86362c27c707fe1536,535,82,10,8,3
64316ada362c27c707fe232c,2002-10-13,19:00:10,pending,64315d86362c27c707fe155a,374,19,7,5,10
64316ada362c27c707fe232d,1977-08-27,19:58:42,cancelled,64315d86362c27c707fe1544,657,40,10,6,2
64316ada362c27c707fe232e,2000-11-29,23:58:29,cancelled,64315d86362c27c707fe1559,665,45,8,3,1
64316ada362c27c707fe232f,1980-01-06,10:52:48,cancelled,64315d86362c27c707fe1562,417,72,1,8,5
64316ada362c27c707fe2330,1981-11-17,10:26:51,completed,64315d86362c27c707fe1565,108,71,7,8,8
64316ada362c27c707fe2331,1987-12-31,12:08:10,pending,64315d86362c27c707fe1546,897,45,8,8,6
64316ada362c27c707fe2332,2008-12-23,03:24:22,cancelled,64315d86362c27c707fe1539,967,89,1,4,9
64316ada362c27c707fe2333,1981-09-09,15:18:25,cancelled,64315d86362c27c707fe1564,659,86,7,8,4
64316ada362c27c707fe2334,1984-07-15,12:48:26,completed,64315d86362c27c707fe1554,820,98,1,2,1
64316ada362c27c707fe2335,2003-11-16,06:52:47,pending,64315d86362c27c707fe1539,894,33,1,9,10
64316ada362c27c707fe2336,2020-12-26,11:39:58,pending,64315d86362c27c707fe1546,441,51,9,9,2
64316ada362c27c707fe2337,2005-04-24,01:50:47,completed,64315d86362c27c707fe155f,993,94,5,7,10
64316ada362c27c707fe2338,2000-07-07,13:01:50,completed,64315d86362c27c707fe1564,483,89,8,8,5
64316ada362c27c707fe2339,1973-06-21,08:13:29,pending,64315d86362c27c707fe1554,215,48,2,1,2
64316ada362c27c707fe233a,1978-01-12,02:54:59,pending,64315d86362c27c707fe1533,424,97,10,2,8
64316ada362c27c707fe233b,1974-09-01,04:12:29,cancelled,64315d86362c27c707fe154b,737,32,1,2,6
64316ada362c27c707fe233c,2009-10-15,01:04:26,pending,64315d86362c27c707fe153a,936,89,7,5,8
64316ada362c27c707fe233d,2000-06-06,04:10:22,cancelled,64315d86362c27c707fe1552,379,39,9,1,9
64316ada362c27c707fe233e,2014-09-05,18:04:48,completed,64315d86362c27c707fe1551,327,33,3,5,9
64316ada362c27c707fe233f,2014-01-11,11:28:20,cancelled,64315d86362c27c707fe1542,144,42,8,3,4
64316ada362c27c707fe2340,2010-07-18,15:46:44,cancelled,64315d86362c27c707fe1564,604,39,3,6,2
64316ada362c27c707fe2341,1996-08-01,12:41:58,cancelled,64315d86362c27c707fe152a,498,83,7,4,6
64316ada362c27c707fe2342,1987-10-15,05:57:09,pending,64315d86362c27c707fe1567,291,63,6,4,2
64316ada362c27c707fe2343,1982-10-14,07:13:49,cancelled,64315d86362c27c707fe1533,533,6,9,8,5
64316ada362c27c707fe2344,2014-07-20,07:26:27,cancelled,64315d86362c27c707fe1563,992,85,9,8,8
64316ada362c27c707fe2345,2000-05-05,09:16:58,completed,64315d86362c27c707fe1539,745,8,8,5,2
64316ada362c27c707fe2346,1977-10-10,17:23:59,cancelled,64315d86362c27c707fe152f,597,51,8,8,1
64316ada362c27c707fe2347,1977-11-07,12:52:12,cancelled,64315d86362c27c707fe1529,823,35,2,7,6
64316ada362c27c707fe2348,2016-11-11,05:58:15,pending,64315d86362c27c707fe1532,506,51,7,5,1
64316ada362c27c707fe2349,1984-03-28,21:40:41,pending,64315d86362c27c707fe1554,147,64,5,6,6
64316ada362c27c707fe234a,1981-10-15,03:53:06,pending,64315d86362c27c707fe1543,611,70,8,10,1
64316ada362c27c707fe234b,1973-12-22,12:06:44,completed,64315d86362c27c707fe1543,711,37,8,6,7
64316ada362c27c707fe234c,2009-08-05,19:21:28,completed,64315d86362c27c707fe1555,611,71,7,9,6
64316ada362c27c707fe234d,1992-04-14,03:30:37,completed,64315d86362c27c707fe154c,853,46,6,9,6
64316ada362c27c707fe234e,2020-05-05,09:43:37,cancelled,64315d86362c27c707fe155a,315,6,6,9,7
64316ada362c27c707fe234f,2005-05-01,16:31:41,completed,64315d86362c27c707fe1550,986,57,1,6,3
64316ada362c27c707fe2350,1994-04-01,16:44:11,cancelled,64315d86362c27c707fe153e,894,4,9,6,1
64316ada362c27c707fe2351,2001-04-01,04:55:57,completed,64315d86362c27c707fe1563,339,28,1,2,9
64316ada362c27c707fe2352,2001-06-11,23:50:16,pending,64315d86362c27c707fe152c,173,28,1,1,4
64316ada362c27c707fe2353,2013-01-30,22:35:26,pending,64315d86362c27c707fe153d,569,45,10,6,1
64316ada362c27c707fe2354,1987-04-21,09:51:09,completed,64315d86362c27c707fe1565,749,47,3,9,4
64316ada362c27c707fe2355,2017-05-07,01:34:14,completed,64315d86362c27c707fe154a,866,4,8,8,8
64316ada362c27c707fe2356,2005-09-24,20:29:42,completed,64315d86362c27c707fe1544,515,98,10,5,4
64316ada362c27c707fe2357,1998-08-14,22:00:47,completed,64315d86362c27c707fe1560,973,51,1,10,10
64316ada362c27c707fe2358,1986-08-10,15:32:01,cancelled,64315d86362c27c707fe1566,429,14,9,3,1
64316ada362c27c707fe2359,1978-09-28,06:10:28,pending,64315d86362c27c707fe1563,544,45,5,10,2
64316ada362c27c707fe235a,1986-08-23,12:05:02,pending,64315d86362c27c707fe153d,412,49,10,5,1
64316ada362c27c707fe235b,2006-02-17,20:40:33,pending,64315d86362c27c707fe1529,898,72,2,4,4
64316ada362c27c707fe235c,2010-06-16,05:09:02,completed,64315d86362c27c707fe1562,722,45,3,3,7
64316ada362c27c707fe235d,2018-10-27,18:43:51,pending,64315d86362c27c707fe1531,863,29,1,9,10
64316ada362c27c707fe235e,1994-01-07,13:40:58,cancelled,64315d86362c27c707fe1562,292,32,2,4,8
64316ada362c27c707fe235f,2018-10-24,20:07:14,pending,64315d86362c27c707fe155e,431,78,10,2,8
64316ada362c27c707fe2360,1998-01-19,20:14:07,pending,64315d86362c27c707fe1531,914,40,8,10,10
64316ada362c27c707fe2361,1984-03-27,21:11:08,cancelled,64315d86362c27c707fe152d,788,59,3,1,10
64316ada362c27c707fe2362,2015-02-06,17:07:27,cancelled,64315d86362c27c707fe1562,481,62,4,7,7
64316ada362c27c707fe2363,1986-09-13,03:35:29,cancelled,64315d86362c27c707fe1544,422,15,8,2,2
64316ada362c27c707fe2364,1997-07-25,00:15:27,pending,64315d86362c27c707fe152f,491,99,9,9,9
64316ada362c27c707fe2365,1974-03-04,15:35:50,pending,64315d86362c27c707fe154b,223,63,1,3,5
64316ada362c27c707fe2366,1970-09-22,18:31:26,completed,64315d86362c27c707fe1567,487,78,3,1,7
64316ada362c27c707fe2367,1987-10-28,16:12:35,cancelled,64315d86362c27c707fe1567,831,38,4,2,6
64316ada362c27c707fe2368,1983-01-17,11:11:36,cancelled,64315d86362c27c707fe1564,412,25,3,9,5
64316ada362c27c707fe2369,2021-08-02,15:53:34,pending,64315d86362c27c707fe154f,904,24,7,7,9
64316ada362c27c707fe236a,1987-05-20,21:27:24,cancelled,64315d86362c27c707fe154e,868,75,6,7,8
64316ada362c27c707fe236b,1977-02-27,21:23:29,completed,64315d86362c27c707fe154f,465,12,4,7,7
64316ada362c27c707fe236c,1979-04-21,22:39:34,pending,64315d86362c27c707fe1547,537,40,5,9,4
64316ada362c27c707fe236d,1991-06-21,19:48:54,pending,64315d86362c27c707fe153f,143,78,4,5,4
64316ada362c27c707fe236e,2012-11-13,01:39:00,pending,64315d86362c27c707fe155c,124,90,5,9,9
64316ada362c27c707fe236f,1991-11-27,12:05:01,completed,64315d86362c27c707fe155b,538,78,3,3,7
64316ada362c27c707fe2370,1972-03-28,00:12:50,cancelled,64315d86362c27c707fe1540,985,2,10,4,7
64316ada362c27c707fe2371,1997-09-25,12:44:09,pending,64315d86362c27c707fe1538,392,67,2,8,10
64316ada362c27c707fe2372,1979-06-21,21:42:19,completed,64315d86362c27c707fe1535,170,29,2,6,10
64316ada362c27c707fe2373,1980-12-15,23:45:06,pending,64315d86362c27c707fe154a,607,84,10,10,4
64316ada362c27c707fe2374,2000-06-14,15:13:15,cancelled,64315d86362c27c707fe1531,635,75,6,5,2
64316ada362c27c707fe2375,1999-11-04,01:30:29,cancelled,64315d86362c27c707fe1545,740,18,10,3,9
64316ada362c27c707fe2376,2008-11-15,17:01:37,pending,64315d86362c27c707fe1531,996,88,4,1,2
64316ada362c27c707fe2377,2018-05-23,18:42:13,pending,64315d86362c27c707fe1561,501,54,4,8,1
64316ada362c27c707fe2378,1974-09-13,11:45:43,cancelled,64315d86362c27c707fe154e,917,46,4,6,9
64316ada362c27c707fe2379,2016-01-05,12:08:58,completed,64315d86362c27c707fe1530,358,19,2,4,2
64316ada362c27c707fe237a,1994-04-03,05:23:47,completed,64315d86362c27c707fe1529,321,68,10,9,10
64316ada362c27c707fe237b,1971-05-02,15:48:55,pending,64315d86362c27c707fe1543,182,97,8,2,10
64316ada362c27c707fe237c,1975-09-22,03:29:11,pending,64315d86362c27c707fe1547,245,15,9,5,3
64316ada362c27c707fe237d,1978-04-03,13:53:56,completed,64315d86362c27c707fe152a,127,82,8,3,7
64316ada362c27c707fe237e,2009-01-28,22:16:22,cancelled,64315d86362c27c707fe153f,258,7,7,1,10
64316ada362c27c707fe237f,2001-08-18,22:44:43,cancelled,64315d86362c27c707fe152f,256,62,10,3,4
64316ada362c27c707fe2380,2020-07-04,11:19:53,cancelled,64315d86362c27c707fe155e,142,15,2,8,9
64316ada362c27c707fe2381,1994-12-15,07:47:44,pending,64315d86362c27c707fe152b,957,90,7,5,4
